  DROP TABLE "mark_coordinates" CASCADE;
  DROP TABLE "comments" CASCADE;
  DROP TABLE "creation_dates" CASCADE;
  DROP TABLE "mark_measurements" CASCADE;
  DROP TABLE "mark_uncertainty" CASCADE;
  DROP TABLE "mark_horizontal" CASCADE;
  DROP TABLE "mark_vertical" CASCADE;
  DROP TABLE "mark_name" CASCADE;
  DROP TABLE "mark_description" CASCADE;
  DROP TABLE "adjustment" CASCADE;
  DROP TABLE "adjustment_type" CASCADE;
  DROP TABLE "v_class" CASCADE;
  DROP TABLE "v_order" CASCADE;
  DROP TABLE "v_tech" CASCADE;
  DROP TABLE "h_class" CASCADE;
  DROP TABLE "h_order" CASCADE;
  DROP TABLE "h_tech" CASCADE;
  DROP TABLE "datum" CASCADE;
  DROP TABLE "name_type" CASCADE;
  DROP TABLE "mark_status" CASCADE;



  CREATE TABLESPACE "TSMES4" LOCATION '/mnt/sda1/postgresql/data';

  CREATE TABLE "mark_status" 
   (	"status" CHAR(2) NOT NULL, 
	"status_txt" VARCHAR(30) NOT NULL, 
	 CONSTRAINT "pk_mark_status" PRIMARY KEY ("status")
  USING INDEX TABLESPACE "TSMES4"
   ) 
  TABLESPACE "TSMES4" ;

  CREATE TABLE "adjustment_type" 
   (    "adj_type" CHAR(3) NOT NULL, 
	"adj_type_txt" VARCHAR(40) NOT NULL, 
	 CONSTRAINT "pk_adjustment_adj_type" PRIMARY KEY ("adj_type")
  USING INDEX TABLESPACE "TSMES4"
   ) 
  TABLESPACE "TSMES4" ;

  CREATE TABLE "mark_description" 
   (	"mark_id" NUMERIC(15,0), 
	"status" CHAR(2), 
	"block_no" CHAR(5), 
	"last_surveyor" VARCHAR(30), 
	"used_date" DATE, 
	"beacon" CHAR(1), 
	"map_number" CHAR(8), 
	"sc_map" CHAR(6), 
	"trig" CHAR(1), 
	"plan_ref" VARCHAR(500), 
	"date_amg_avail" DATE, 
	"date_mga_avail" DATE, 
	 CONSTRAINT "pk_mark_description" PRIMARY KEY ("mark_id")
  USING INDEX TABLESPACE "TSMES4", 
	 CONSTRAINT "fk_mark_description_status" FOREIGN KEY ("status")
	  REFERENCES "mark_status" ("status")
   ) 
  TABLESPACE "TSMES4" ;


  CREATE TABLE "mark_measurements" 
   (	"mark_id" NUMERIC(15,0) NOT NULL, 
	"msr_types" VARCHAR(200), 
	 PRIMARY KEY ("mark_id")
  USING INDEX TABLESPACE "TSMES4", 
	 CONSTRAINT "fk_mark_measurements_mark_id" FOREIGN KEY ("mark_id")
	  REFERENCES "mark_description" ("mark_id") 
   ) 
  TABLESPACE "TSMES4" ;


  CREATE TABLE "name_type" 
   (	"name_type" CHAR(1) NOT NULL, 
	"name_type_txt" VARCHAR(30) NOT NULL, 
	 CONSTRAINT "pk_name_type" PRIMARY KEY ("name_type")
  USING INDEX TABLESPACE "TSMES4"
   ) 
  TABLESPACE "TSMES4" ;


  CREATE TABLE "mark_name" 
   (	"mark_name_id" NUMERIC(15,0) NOT NULL, 
	"mark_id" NUMERIC(15,0) NOT NULL, 
	"nine_fig" CHAR(9) NOT NULL, 
	"mark_name" VARCHAR(30) NOT NULL, 
	"name_type" CHAR(1) NOT NULL, 
	"best_name" CHAR(1), 
	 CONSTRAINT "fk_mark_name_mark_id" FOREIGN KEY ("mark_id")
	  REFERENCES "mark_description" ("mark_id") , 
	 CONSTRAINT "fk_mark_name_name_type" FOREIGN KEY ("name_type")
	  REFERENCES "name_type" ("name_type") 
   ) 
  TABLESPACE "TSMES4" ;

  
    CREATE TABLE "mark_uncertainty" 
   (	"mark_id" NUMERIC(15,0) NOT NULL, 
	"adj_id" NUMERIC(9,0), 
	"xx" NUMERIC(23,20), 
	"xy" NUMERIC(23,20), 
	"xz" NUMERIC(23,20), 
	"yy" NUMERIC(23,20), 
	"yz" NUMERIC(23,20), 
	"zz" NUMERIC(23,20), 
	 PRIMARY KEY ("mark_id")
  USING INDEX TABLESPACE "TSMES4", 
	 CONSTRAINT "fk_mark_uncertainty_mark_id" FOREIGN KEY ("mark_id")
	  REFERENCES "mark_description" ("mark_id") 
   ) 
  TABLESPACE "TSMES4" ;

  CREATE TABLE "comments" 
   (	"comments_id" NUMERIC(15,0) NOT NULL, 
	"mark_id" NUMERIC(15,0) NOT NULL, 
	"user_id" VARCHAR(30) NOT NULL, 
	"com_date" DATE, 
	"comments" VARCHAR(1000) NOT NULL, 
	 CONSTRAINT "fk_comments_mark_id" FOREIGN KEY ("mark_id")
	  REFERENCES "mark_description" ("mark_id") 
   ) 
  TABLESPACE "TSMES4" ;

  CREATE TABLE "creation_dates" 
   (	"mark_id" NUMERIC(15,0), 
	"earliest_date" DATE, 
	"installed_by" VARCHAR(60)
   ) 
  TABLESPACE "TSMES4" ;

  CREATE TABLE "datum" 
   (	"d_code" CHAR(5) NOT NULL, 
	"d_type" CHAR(1) NOT NULL, 
    "d_epsg_code" INTEGER NOT NULL,
	"d_description" VARCHAR(50) NOT NULL, 
	 CONSTRAINT "pk_datum" PRIMARY KEY ("d_code")
  USING INDEX TABLESPACE "TSMES4"
   ) 
  TABLESPACE "TSMES4" ;


 CREATE TABLE "adjustment" 
   (	"adj_id" NUMERIC(15,0) NOT NULL, 
	"adj_date" DATE, 
	"adj_d_code" CHAR(8), 
	"adj_epoch" DATE, 
	"adj_runby" VARCHAR(50), 
	"best_adj" CHAR(1), 
	"dof" NUMERIC(15,0), 
	"measurement_count" NUMERIC(15,0), 
	"unknowns_count" NUMERIC(15,0), 
	"chi_square" NUMERIC(15,4), 
	"sigma_zero" NUMERIC(15,4), 
	"lower_limit" NUMERIC(15,4), 
	"upper_limit" NUMERIC(15,4), 
	"confidence_interval" NUMERIC(5,2), 
	"adj_type" CHAR(5), 
	 PRIMARY KEY ("adj_id")
  USING INDEX TABLESPACE "TSMES4", 
	 CONSTRAINT "fk_adjustment_adj_type" FOREIGN KEY ("adj_type")
	  REFERENCES "adjustment_type" ("adj_type") 
   ) 
  TABLESPACE "TSMES4" ;


CREATE TABLE "v_class" 
   (	"v_class" CHAR(2), 
	"v_class_txt" VARCHAR(40), 
	 CONSTRAINT "pk_v_class" PRIMARY KEY ("v_class")
  USING INDEX TABLESPACE "TSMES4"
   ) 
  TABLESPACE "TSMES4" ;


  CREATE TABLE "v_order" 
   (	"v_order" CHAR(2), 
	"v_order_txt" VARCHAR(30), 
	 CONSTRAINT "pk_v_order" PRIMARY KEY ("v_order")
  USING INDEX TABLESPACE "TSMES4"
   ) 
  TABLESPACE "TSMES4" ;


  CREATE TABLE "v_tech" 
   (	"v_tech" CHAR(3), 
	"v_tech_txt" VARCHAR(30), 
	 CONSTRAINT "pk_v_tech" PRIMARY KEY ("v_tech")
  USING INDEX TABLESPACE "TSMES4"
   ) 
  TABLESPACE "TSMES4" ;


  CREATE TABLE "h_class" 
   (	"h_class" CHAR(2), 
	"h_class_txt" VARCHAR(40), 
	 CONSTRAINT "pk_h_class" PRIMARY KEY ("h_class")
  USING INDEX TABLESPACE "TSMES4"
   ) 
  TABLESPACE "TSMES4" ;


  CREATE TABLE "h_order" 
   (	"h_order" CHAR(2), 
	"h_order_txt" VARCHAR(30), 
	 CONSTRAINT "pk_h_order" PRIMARY KEY ("h_order")
  USING INDEX TABLESPACE "TSMES4"
   ) 
  TABLESPACE "TSMES4" ;


  CREATE TABLE "h_tech" 
   (	"h_tech" CHAR(3), 
	"h_tech_txt" VARCHAR(30), 
	 CONSTRAINT "pk_h_tech" PRIMARY KEY ("h_tech")
  USING INDEX TABLESPACE "TSMES4"
   ) 
  TABLESPACE "TSMES4" ;


  CREATE TABLE "mark_horizontal" 
   (	"mark_h_id" NUMERIC(15,0) NOT NULL, 
	"mark_id" NUMERIC(15,0) NOT NULL, 
	"h_d_code" CHAR(5), 
	"h_class" CHAR(2), 
	"h_order" CHAR(2), 
	"h_technique" CHAR(3), 
	"h_organ" VARCHAR(30), 
	"x_coord" VARCHAR(10), 
	"y_coord" VARCHAR(11), 
	"zone" CHAR(2), 
	"h_date_surv" DATE, 
	"h_date_adj" DATE, 
	"h_date_edit" DATE, 
	"h_uncert" NUMERIC(6,3), 
	 CONSTRAINT "pk_mark_horizontal_mark_h_id" PRIMARY KEY ("mark_h_id")
  USING INDEX TABLESPACE "TSMES4", 
	 CONSTRAINT "fk_mark_horizontal_h_d_code" FOREIGN KEY ("h_d_code")
	  REFERENCES "datum" ("d_code") , 
	 CONSTRAINT "fk_mark_horizontal_h_class" FOREIGN KEY ("h_class")
	  REFERENCES "h_class" ("h_class") , 
	 CONSTRAINT "fk_mark_horizontal_h_order" FOREIGN KEY ("h_order")
	  REFERENCES "h_order" ("h_order") , 
	 CONSTRAINT "fk_mark_horizontal_h_tech" FOREIGN KEY ("h_technique")
	  REFERENCES "h_tech" ("h_tech") , 
	 CONSTRAINT "fk_mark_horizontal_mark_id" FOREIGN KEY ("mark_id")
	  REFERENCES "mark_description" ("mark_id") 
   ) 
  TABLESPACE "TSMES4" ;
  

 CREATE TABLE "mark_vertical" 
   (	"mark_v_id" NUMERIC(15,0) NOT NULL, 
	"mark_id" NUMERIC(15,0) NOT NULL, 
	"v_d_code" CHAR(5) NOT NULL, 
	"v_class" CHAR(2), 
	"v_order" CHAR(2), 
	"z_coord" VARCHAR(8) NOT NULL, 
	"v_technique" CHAR(3), 
	"v_date_surv" DATE, 
	"v_date_adj" DATE, 
	"v_date_edit" DATE, 
	"v_organ" VARCHAR(30), 
	"sec" CHAR(4), 
	"best_vert" CHAR(1), 
	"adj_id" NUMERIC(15,0), 
	"v_uncert" NUMERIC(6,3), 
	 CONSTRAINT "fk_mark_vertical_mark_id" FOREIGN KEY ("mark_id")
	  REFERENCES "mark_description" ("mark_id") , 
	 CONSTRAINT "fk_mark_vertical_v_d_code" FOREIGN KEY ("v_d_code")
	  REFERENCES "datum" ("d_code") , 
	 CONSTRAINT "fk_mark_vertical_v_class" FOREIGN KEY ("v_class")
	  REFERENCES "v_class" ("v_class") , 
	 CONSTRAINT "fk_mark_vertical_v_order" FOREIGN KEY ("v_order")
	  REFERENCES "v_order" ("v_order") , 
	 CONSTRAINT "fk_mark_vertical_v_tech" FOREIGN KEY ("v_technique")
	  REFERENCES "v_tech" ("v_tech") 
   ) 
  TABLESPACE "TSMES4" ;
  

CREATE TABLE "mark_coordinates" 
   (	"mark_id" NUMERIC(15,0) NOT NULL, 
	"mark_coord_id" NUMERIC(15,0) NOT NULL, 
	"adj_id" NUMERIC(15,0), 
	"latitude" NUMERIC(15,12), 
	"longitude" NUMERIC(15,12), 
	"ellipsoid_height" NUMERIC(10,5), 
	"easting" NUMERIC(15,5), 
	"northing" NUMERIC(15,5), 
	"zone" NUMERIC(2,0), 
	"datum_code" CHAR(5), 
	"technique" CHAR(3), 
	"organisation" VARCHAR(30), 
	"date_surv" DATE, 
	"date_edit" DATE, 
	"h_order" CHAR(2), 
	"pos_uncertainty" NUMERIC(6,3), 
	"best_coords" CHAR(1), 
	 PRIMARY KEY ("mark_coord_id") 
    USING INDEX TABLESPACE "TSMES4", 
	 CONSTRAINT "fk_mark_coordinates_mark_id" FOREIGN KEY ("mark_id")
	  REFERENCES "mark_description" ("mark_id"), 
	 CONSTRAINT "fk_mark_coordinates_datum_code" FOREIGN KEY ("datum_code")
	  REFERENCES "datum" ("d_code")
   )
  TABLESPACE "TSMES4" ;
DELETE FROM "mark_measurements";
DELETE FROM "mark_uncertainty";
DELETE FROM "comments";
DELETE FROM "creation_dates";
DELETE FROM "mark_horizontal";
DELETE FROM "mark_vertical";
DELETE FROM "mark_coordinates";
DELETE FROM "mark_name";
DELETE FROM "mark_description";
DELETE FROM "adjustment";
DELETE FROM "mark_status";
DELETE FROM "name_type";
DELETE FROM "adjustment_type";
DELETE FROM "v_class";
DELETE FROM "v_order";
DELETE FROM "v_tech";
DELETE FROM "h_class";
DELETE FROM "h_order";
DELETE FROM "h_tech";
DELETE FROM "datum";

insert into "adjustment_type"
(
"adj_type", "adj_type_txt"
) VALUES

('CGA', 'Campaign geodetic adjustment'),
('JGA', 'Jurisdictional geodetic adjustment'),
('AHD', 'AHD adjustment'),
('CAD', 'Cadastral adjustment');
INSERT INTO "datum"
("d_code", "d_type", "d_epsg_code", "d_description")
VALUES
('AGD66','H',4202,'Australian Geodetic Datum 1966'),
('GDA94','H',4283,'Geocentric Datum of Australia 1994'),
('AHD','V',5711,'Australian Height Datum');
INSERT INTO "h_class"
("h_class", "h_class_txt")
VALUES
('3A','SPECIAL HIGH PRECISION SURVEYS'),
('2A','HIGH PRECISION SURVEYS'),
('A',' National and State Geodetic Surveys'),
('B',' DENSIFICATION OF GEODETIC SURVEY'),
('C',' SURVEY CO-ORDINATION PROJECTS'),
('D',' LOWER CLASS PROJECTS'),
('E',' LOWER CLASS PROJECTS'),
('F',' LOWER CLASS PROJECTS'),
('PA','3D GPS'),
('PB','3D GPS'),
('PC','3D GPS'),
('PD','3D GPS'),
('PE','3D GPS'),
('PF','3D GPS');
INSERT INTO "h_order"
("h_order","h_order_txt")
VALUES
('99','ELLIPSE >1000MM'),
('5',' ELLIPSE 100MM'),
('4',' ELLIPSE 50MM'),
('3',' ELLIPSE 30MM'),
('2',' ELLIPSE 15MM'),
('1',' ELLIPSE 7.5MM'),
('0',' ELLIPSE 3MM'),
('00','ELLIPSE 1MM');
INSERT INTO "h_tech"
("h_tech","h_tech_txt")
VALUES
('GS','GPS (SINGLE POINT)'),
('GD','GPS (DIFFERENTIAL)'),
('GK','GPS (KINEMATICS)'),
('TG','TRIANGULATION'),
('I','INTERSECTION'),
('RS','RESECTION'),
('T','TRAVERSE'),
('C','CADASTRAL'),
('P','PLOT'),
('D','DIGITISED'),
('U','UNKNOWN'),
('TF','TRANSFORMED'),
('R','RADIATION'),
('UR','UNCHECKED RADIATION'),
('ADJ','ADJUSTMENT');
INSERT INTO "mark_status"
("status","status_txt")
VALUES
('DA','DAMAGED'),
('DE','DESTROYED'),
('DI','DISTURBED'),
('ND','NIPPLE DAMAGED'),
('NF','NOT FOUND'),
('PM','PLAQUE MISSING'),
('RM','REMOVED'),
('RP','REPLACED'),
('US','UNSTABLE'),
('SU','SUSPECT'),
('AB','ABANDONED'),
('NU','NOT USED'),
('OK','OK'),
('?','UNKNOWN');
INSERT INTO "name_type"
("name_type","name_type_txt")
VALUES
('P','Permanent Mark'),
('B','Benchmark'),
('T','Trig Station'),
('O','Other'),
('M','Melbourne Water'),
('C','Primary Cadastral Mark'),
('R','Rural Water Commission'),
('G','Geodetic Bench Mark'),
('H','High Stability Mark'),
('Q','Supplementary Mark'),
('S','Scientific Mark'),
('Y','GNSS CORS Site'),
('E','Eccentric Station');
INSERT INTO "v_class"
("v_class","v_class_txt")
VALUES
('A',' A'),
('B',' B'),
('C',' C'),
('D',' D'),
('E',' E'),
('F',' F'),
('PA','3D GPS PA'),
('PB','3D GPS PB'),
('PC','3D GPS PC'),
('PD','3D GPS PD'),
('PE','3D GPS PE'),
('PF','3D GPS PF');
INSERT INTO "v_order"
("v_order","v_order_txt")
VALUES
('99','>1000 ROOT K'),
('5','100 ROOT K'),
('4','50 ROOT K'),
('3','12 ROOT K'),
('2','8 ROOT K'),
('1','4 ROOT K'),
('0','<4 ROOT K');
INSERT INTO "v_tech"
("v_tech","v_tech_txt")
VALUES
('3','3RD ORDER'),
('4','4TH ORDER'),
('G','GPS'),
('V','VERTICAL ANGLES'),
('TH','TRIG HEIGHTING'),
('U','UNKNOWN'),
('2','2ND ORDER'),
('0','ZEROTH ORDER'),
('L','SPIRIT LEVELLING'),
('D','DERIVED FROM AUSGEOID');
insert into "adjustment" (
"adj_id", "adj_date", "adj_d_code", "adj_epoch", "adj_runby", "best_adj", "dof", "measurement_count", "unknowns_count", "chi_square", "sigma_zero", "lower_limit", "upper_limit", "confidence_interval", "adj_type" 
) VALUES
(
1, '21-JUL-14', 'GDA94', '01-JAN-94', 'SMESOSGVUser',DEFAULT, 121925, 245384, 123459, 109610.57, .899, .992, 1.008, 95, 'JGA'
)
;
INSERT INTO "mark_description"
("mark_id","status","block_no","last_surveyor","used_date","beacon","map_number","sc_map","trig","plan_ref","date_amg_avail","date_mga_avail")
VALUES
(11328,'OK',DEFAULT,DEFAULT,DEFAULT,DEFAULT,'742314','742314',DEFAULT,'742314',DEFAULT,DEFAULT),
(11329,'OK',DEFAULT,DEFAULT,DEFAULT,DEFAULT,'742314','742314',DEFAULT,'742314',DEFAULT,DEFAULT),
(11330,'OK',DEFAULT,DEFAULT,DEFAULT,DEFAULT,'742314','742314',DEFAULT,'742314',DEFAULT,DEFAULT),
(11331,'OK',DEFAULT,'GEOD','22-Dec-10',DEFAULT,'742314','742314',DEFAULT,'742314, OP 123037',DEFAULT,DEFAULT),
(11332,'OK',DEFAULT,DEFAULT,DEFAULT,DEFAULT,'742314','742314',DEFAULT,'742314',DEFAULT,DEFAULT),
(11333,'OK',DEFAULT,'DBADMIN','30-Jul-10',DEFAULT,'742314','742314',DEFAULT,'742314, PS 632905 B',DEFAULT,DEFAULT),
(11334,'OK',DEFAULT,DEFAULT,DEFAULT,DEFAULT,'742314','742314',DEFAULT,'742314',DEFAULT,DEFAULT),
(11335,'OK',DEFAULT,DEFAULT,DEFAULT,DEFAULT,'742314','742314',DEFAULT,'742314',DEFAULT,DEFAULT),
(11336,'OK',DEFAULT,DEFAULT,DEFAULT,DEFAULT,'742314','742314',DEFAULT,'742314',DEFAULT,DEFAULT),
(11337,'OK',DEFAULT,'DBADMIN','19-Nov-04',DEFAULT,'742314','742314',DEFAULT,'742314, OP 121565',DEFAULT,DEFAULT),
(11338,'OK',DEFAULT,DEFAULT,DEFAULT,DEFAULT,'742314','742314',DEFAULT,'742314',DEFAULT,DEFAULT),
(11339,'OK',DEFAULT,DEFAULT,DEFAULT,DEFAULT,'742314','742314',DEFAULT,'742314',DEFAULT,DEFAULT),
(11340,'OK',DEFAULT,DEFAULT,DEFAULT,DEFAULT,'742314','742314',DEFAULT,'742314',DEFAULT,DEFAULT),
(11341,'OK',DEFAULT,DEFAULT,DEFAULT,DEFAULT,'742314','742314',DEFAULT,'742314',DEFAULT,DEFAULT),
(11342,'OK',DEFAULT,DEFAULT,DEFAULT,DEFAULT,'742314','742314',DEFAULT,'742314',DEFAULT,DEFAULT),
(11343,'OK',DEFAULT,DEFAULT,DEFAULT,DEFAULT,'742314','742314',DEFAULT,'742314',DEFAULT,DEFAULT),
(11344,'OK',DEFAULT,DEFAULT,DEFAULT,DEFAULT,'742314','742314',DEFAULT,'742314',DEFAULT,DEFAULT),
(11345,'OK',DEFAULT,DEFAULT,DEFAULT,DEFAULT,'742314','742314',DEFAULT,'742314',DEFAULT,DEFAULT),
(11346,'OK',DEFAULT,'DBADMIN','30-Jul-10',DEFAULT,'742314','742314',DEFAULT,'742314, OP 122060, PS 632905 B',DEFAULT,DEFAULT),
(11347,'OK',DEFAULT,'GEOD','9-Dec-09',DEFAULT,'742314','742314',DEFAULT,'742314, PS 615638U',DEFAULT,DEFAULT),
(11348,'OK',DEFAULT,DEFAULT,DEFAULT,DEFAULT,'742314','742314',DEFAULT,'742314',DEFAULT,DEFAULT),
(11349,'OK',DEFAULT,DEFAULT,DEFAULT,DEFAULT,'742314','742314',DEFAULT,'742314',DEFAULT,DEFAULT),
(11350,'OK',DEFAULT,DEFAULT,DEFAULT,DEFAULT,'742314','742314',DEFAULT,'742314',DEFAULT,DEFAULT),
(11351,'OK',DEFAULT,DEFAULT,DEFAULT,DEFAULT,'742314','742314',DEFAULT,'742314',DEFAULT,DEFAULT),
(11352,'OK',DEFAULT,DEFAULT,DEFAULT,DEFAULT,'742314','742314',DEFAULT,'742314',DEFAULT,DEFAULT),
(11353,'OK',DEFAULT,DEFAULT,DEFAULT,DEFAULT,'772344','772344',DEFAULT,'772344',DEFAULT,DEFAULT),
(11354,'OK',DEFAULT,DEFAULT,DEFAULT,DEFAULT,'772344','772344',DEFAULT,'772344',DEFAULT,DEFAULT),
(11355,'OK',DEFAULT,DEFAULT,DEFAULT,DEFAULT,'772344','772344',DEFAULT,'772344',DEFAULT,DEFAULT),
(11356,'OK',DEFAULT,DEFAULT,DEFAULT,DEFAULT,'772344','772344',DEFAULT,'772344',DEFAULT,DEFAULT),
(11357,'OK',DEFAULT,DEFAULT,DEFAULT,DEFAULT,'772343','772343',DEFAULT,'772343',DEFAULT,DEFAULT),
(11358,'OK',DEFAULT,DEFAULT,DEFAULT,DEFAULT,'772344','772344',DEFAULT,'772344',DEFAULT,DEFAULT),
(11359,'OK',DEFAULT,DEFAULT,DEFAULT,DEFAULT,'772344','772344',DEFAULT,'772344',DEFAULT,DEFAULT),
(11360,'OK',DEFAULT,DEFAULT,DEFAULT,DEFAULT,'772344','772344',DEFAULT,'772344',DEFAULT,DEFAULT),
(11361,'OK',DEFAULT,'DBADMIN','5-Mar-10',DEFAULT,'802431','4383',DEFAULT,'4383, PS 530666 L',DEFAULT,DEFAULT),
(11362,'OK',DEFAULT,DEFAULT,DEFAULT,DEFAULT,'772424','512132',DEFAULT,'512132',DEFAULT,DEFAULT),
(11363,'OK',DEFAULT,DEFAULT,DEFAULT,DEFAULT,'772421','772421',DEFAULT,'772421',DEFAULT,DEFAULT),
(11364,'OK',DEFAULT,DEFAULT,DEFAULT,DEFAULT,'772424','512132',DEFAULT,'512132',DEFAULT,DEFAULT),
(11365,'OK',DEFAULT,DEFAULT,DEFAULT,DEFAULT,'772421','772421',DEFAULT,'772421',DEFAULT,DEFAULT),
(11366,'OK',DEFAULT,DEFAULT,DEFAULT,DEFAULT,'772424','512132',DEFAULT,'512132',DEFAULT,DEFAULT),
(11367,'OK',DEFAULT,DEFAULT,DEFAULT,DEFAULT,'772424','512132',DEFAULT,'512132',DEFAULT,DEFAULT),
(11368,'OK',DEFAULT,DEFAULT,DEFAULT,DEFAULT,'772424','512132',DEFAULT,'512132',DEFAULT,DEFAULT),
(11370,'OK',DEFAULT,DEFAULT,DEFAULT,DEFAULT,'772424','512132',DEFAULT,'512132',DEFAULT,DEFAULT),
(11371,'DE',DEFAULT,DEFAULT,DEFAULT,DEFAULT,'772424','512132',DEFAULT,'512132',DEFAULT,DEFAULT),
(11372,'OK',DEFAULT,DEFAULT,DEFAULT,DEFAULT,'792622','661-1',DEFAULT,'661-1',DEFAULT,DEFAULT),
(11380,'OK',DEFAULT,DEFAULT,DEFAULT,DEFAULT,'792622','661-1',DEFAULT,'661-1',DEFAULT,DEFAULT),
(11386,'OK',DEFAULT,DEFAULT,DEFAULT,DEFAULT,'792431','792431',DEFAULT,'792431',DEFAULT,DEFAULT),
(11387,'OK',DEFAULT,DEFAULT,DEFAULT,DEFAULT,'802332','802332',DEFAULT,'802332',DEFAULT,DEFAULT),
(11388,'OK',DEFAULT,'GEOD','7-Feb-13',DEFAULT,'832532','832532',DEFAULT,'832532, PS645628D',DEFAULT,DEFAULT),
(11390,'OK',DEFAULT,DEFAULT,DEFAULT,DEFAULT,'792341','792341',DEFAULT,'792341',DEFAULT,DEFAULT),
(11391,'OK',DEFAULT,'GEOD','15-Jun-11',DEFAULT,'792341','792341',DEFAULT,'792341',DEFAULT,DEFAULT),
(11393,'OK',DEFAULT,DEFAULT,DEFAULT,DEFAULT,'792524','741',DEFAULT,'741',DEFAULT,DEFAULT),
(11394,'OK',DEFAULT,DEFAULT,DEFAULT,DEFAULT,'792521','741',DEFAULT,'741',DEFAULT,DEFAULT),
(11395,'OK',DEFAULT,DEFAULT,DEFAULT,DEFAULT,'842224','842224',DEFAULT,'842224',DEFAULT,DEFAULT),
(11396,'OK',DEFAULT,DEFAULT,DEFAULT,DEFAULT,'842213','842213',DEFAULT,'842213',DEFAULT,DEFAULT),
(11533,'OK',DEFAULT,'BVROEGOP','13-Feb-13',DEFAULT,'822143','6256',DEFAULT,'6256',DEFAULT,DEFAULT),
(11534,'DA',DEFAULT,'DBADMIN','13-Feb-13',DEFAULT,'822143','6256',DEFAULT,'6256',DEFAULT,DEFAULT),
(11535,'OK',DEFAULT,DEFAULT,DEFAULT,DEFAULT,'722134','722134',DEFAULT,'722134',DEFAULT,DEFAULT),
(11536,'NF',DEFAULT,'SGV','5-Apr-01',DEFAULT,'782212','782212',DEFAULT,'782212',DEFAULT,DEFAULT),
(11537,'OK',DEFAULT,DEFAULT,DEFAULT,DEFAULT,'782212','782212',DEFAULT,'782212',DEFAULT,DEFAULT),
(11542,'OK',DEFAULT,DEFAULT,DEFAULT,DEFAULT,'712712','712712',DEFAULT,'712712',DEFAULT,DEFAULT),
(11543,'OK',DEFAULT,DEFAULT,DEFAULT,DEFAULT,'712712','712712',DEFAULT,'712712',DEFAULT,DEFAULT),
(11544,'OK',DEFAULT,DEFAULT,DEFAULT,DEFAULT,'712712','712712',DEFAULT,'712712',DEFAULT,DEFAULT),
(11545,'DE',DEFAULT,DEFAULT,DEFAULT,DEFAULT,'792131','792131',DEFAULT,'792131',DEFAULT,DEFAULT),
(11546,'OK',DEFAULT,DEFAULT,DEFAULT,DEFAULT,'792131','792131',DEFAULT,'792131',DEFAULT,DEFAULT),
(11547,'OK',DEFAULT,DEFAULT,DEFAULT,DEFAULT,'792142','792142',DEFAULT,'792142',DEFAULT,DEFAULT),
(11549,'OK',DEFAULT,'DBADMIN','6-May-10',DEFAULT,'792131','792131',DEFAULT,'792131, PS 621347 W, PS 621350 J',DEFAULT,DEFAULT),
(11550,'OK',DEFAULT,DEFAULT,DEFAULT,DEFAULT,'792131','792131',DEFAULT,'792131',DEFAULT,DEFAULT),
(11551,'OK',DEFAULT,DEFAULT,DEFAULT,DEFAULT,'792131','792131',DEFAULT,'792131',DEFAULT,DEFAULT),
(11552,'OK',DEFAULT,DEFAULT,DEFAULT,DEFAULT,'792131','792131',DEFAULT,'792131',DEFAULT,DEFAULT),
(11553,'OK',DEFAULT,DEFAULT,DEFAULT,DEFAULT,'732721','732721',DEFAULT,'732721',DEFAULT,DEFAULT),
(11554,'OK',DEFAULT,DEFAULT,DEFAULT,DEFAULT,'732722','732722',DEFAULT,'732722',DEFAULT,DEFAULT),
(11555,'OK',DEFAULT,DEFAULT,DEFAULT,DEFAULT,'752712','6100',DEFAULT,'6100',DEFAULT,DEFAULT),
(11556,'OK',DEFAULT,'DBADMIN','15-Jan-08',DEFAULT,'752712','6100',DEFAULT,'6100, OP 122558',DEFAULT,DEFAULT),
(11557,'OK',DEFAULT,'DBADMIN','18-Sep-07',DEFAULT,'752723','6103',DEFAULT,'6103, PS515780Y',DEFAULT,DEFAULT),
(11558,'OK',DEFAULT,DEFAULT,DEFAULT,DEFAULT,'792623','661-1',DEFAULT,'661-1',DEFAULT,DEFAULT),
(11559,'OK',DEFAULT,'GEOD','23-May-11',DEFAULT,'792624','661-1',DEFAULT,'661-1, OP 123089',DEFAULT,DEFAULT),
(11560,'OK',DEFAULT,DEFAULT,DEFAULT,DEFAULT,'792542','741',DEFAULT,'741',DEFAULT,DEFAULT),
(11561,'OK',DEFAULT,DEFAULT,DEFAULT,DEFAULT,'722713','6337',DEFAULT,'6337',DEFAULT,DEFAULT),
(11562,'OK',DEFAULT,DEFAULT,DEFAULT,DEFAULT,'722713','6337',DEFAULT,'6337',DEFAULT,DEFAULT),
(11565,'OK',DEFAULT,DEFAULT,DEFAULT,DEFAULT,'772141','772141',DEFAULT,'772141',DEFAULT,DEFAULT),
(11566,'OK',DEFAULT,DEFAULT,DEFAULT,DEFAULT,'772141','772141',DEFAULT,'772141',DEFAULT,DEFAULT),
(11803,'OK',DEFAULT,DEFAULT,DEFAULT,DEFAULT,'812143','840',DEFAULT,'840',DEFAULT,DEFAULT),
(11804,'OK',DEFAULT,DEFAULT,DEFAULT,DEFAULT,'812142','840',DEFAULT,'840',DEFAULT,DEFAULT),
(11805,'OK',DEFAULT,DEFAULT,DEFAULT,DEFAULT,'812142','840',DEFAULT,'840',DEFAULT,DEFAULT),
(11806,'OK',DEFAULT,DEFAULT,DEFAULT,DEFAULT,'812113','6107-1',DEFAULT,'6107-1',DEFAULT,DEFAULT),
(11807,'OK',DEFAULT,DEFAULT,DEFAULT,DEFAULT,'812142','6107-1',DEFAULT,'6107-1',DEFAULT,DEFAULT),
(11808,'OK',DEFAULT,DEFAULT,DEFAULT,DEFAULT,'822041','822041',DEFAULT,'822041',DEFAULT,DEFAULT),
(11809,'OK',DEFAULT,'DBADMIN','24-Feb-10',DEFAULT,'802511','802511',DEFAULT,'802511, PS 620494 N, PS 619294 E',DEFAULT,DEFAULT),
(11810,'OK',DEFAULT,DEFAULT,DEFAULT,DEFAULT,'802633','661-1',DEFAULT,'661-1',DEFAULT,DEFAULT),
(11811,'OK',DEFAULT,DEFAULT,DEFAULT,DEFAULT,'802634','661-1',DEFAULT,'661-1',DEFAULT,DEFAULT),
(11812,'OK',DEFAULT,DEFAULT,DEFAULT,DEFAULT,'762044','762044',DEFAULT,'762044',DEFAULT,DEFAULT),
(11813,'OK',DEFAULT,DEFAULT,DEFAULT,DEFAULT,'762041','762041',DEFAULT,'762041',DEFAULT,DEFAULT),
(11814,'OK',DEFAULT,DEFAULT,DEFAULT,DEFAULT,'762041','762041',DEFAULT,'762041',DEFAULT,DEFAULT),
(11815,'OK',DEFAULT,DEFAULT,DEFAULT,DEFAULT,'762041','762041',DEFAULT,'762041',DEFAULT,DEFAULT),
(11816,'OK',DEFAULT,'GEOD','26-Aug-13',DEFAULT,'762041','762041',DEFAULT,'762041, OP 122115,  OP123348',DEFAULT,DEFAULT),
(11817,'OK',DEFAULT,DEFAULT,DEFAULT,DEFAULT,'762044','762044',DEFAULT,'762044',DEFAULT,DEFAULT),
(11818,'OK',DEFAULT,DEFAULT,DEFAULT,DEFAULT,'762044','762044',DEFAULT,'762044',DEFAULT,DEFAULT),
(11819,'OK',DEFAULT,DEFAULT,DEFAULT,DEFAULT,'792312','792312',DEFAULT,'792312',DEFAULT,DEFAULT),
(11820,'OK',DEFAULT,'DBADMIN','20-May-10',DEFAULT,'792312','792312',DEFAULT,'792312, PS 543546Y, PS 615620 Q',DEFAULT,DEFAULT),
(11821,'OK',DEFAULT,DEFAULT,DEFAULT,DEFAULT,'792312','792312',DEFAULT,'792312',DEFAULT,DEFAULT);
insert into "mark_coordinates"
("mark_id", "mark_coord_id", "adj_id", "latitude", "longitude", "easting", "northing", "zone", "datum_code", "technique", "organisation", "date_surv", "date_edit", "h_order", "best_coords", "ellipsoid_height", "pos_uncertainty")
VALUES
(11328 , 217988 , 1 , -37.033474 , 142.461949 , 657556.442 , 5897041.89 , 54, 'GDA94', 'ADJ', 'OSGV', '25-JUL-2014', '25-JUL-2014', 3, 'X', 236.0124, .082),
(11328 , 218357 , 1 , -37.033473 , 142.461950 , 657559.442 , 5897044.89 , 54, 'GDA94', 'ADJ', 'OSGV', '25-JUL-2064', '25-JUL-2064', 3, 'X', 236.1124, .082),
(11328 , 218358 , 1 , -37.033472 , 142.461951 , 657562.442 , 5897047.89 , 54, 'GDA94', 'ADJ', 'OSGV', '25-JUL-2114', '25-JUL-2114', 3, 'X', 236.2124, .082),
(11328 , 218359 , 1 , -37.033471 , 142.461952 , 657565.442 , 5897050.89 , 54, 'GDA94', 'ADJ', 'OSGV', '25-JUL-2164', '25-JUL-2164', 3, 'X', 236.3124, .082),
(11328 , 218360 , 1 , -37.033470 , 142.461953 , 657568.442 , 5897053.89 , 54, 'GDA94', 'ADJ', 'OSGV', '25-JUL-2214', '25-JUL-2214', 3, 'X', 236.4124, .082),
(11328 , 218361 , 1 , -37.033469 , 142.461954 , 657571.442 , 5897056.89 , 54, 'GDA94', 'ADJ', 'OSGV', '25-JUL-2264', '25-JUL-2264', 3, 'X', 236.5124, .082),
(11329 , 217989 , 1 , -37.04003 , 142.461905 , 657530.771 , 5896254.25 , 54, 'GDA94', 'ADJ', 'OSGV', '25-JUL-14', '25-JUL-14', 3, 'X', 238.7152, .08),
(11330 , 217990 , 1 , -37.034921 , 142.464614 , 658206.447 , 5896583.61 , 54, 'GDA94', 'ADJ', 'OSGV', '25-JUL-14', '25-JUL-14', 3, 'X', 251.3207, .079),
(11331 , 217991 , 1 , -37.031202 , 142.455516 , 656968.422 , 5897753.08 , 54, 'GDA94', 'ADJ', 'OSGV', '25-JUL-14', '25-JUL-14', 3, 'X', 243.7161, .084),
(11332 , 217992 , 1 , -37.031911 , 142.47071 , 658741.412 , 5897501.56 , 54, 'GDA94', 'ADJ', 'OSGV', '25-JUL-14', '25-JUL-14', 3, 'X', 263.3239, .082),
(11333 , 217993 , 1 , -37.035938 , 142.470334 , 658625.141 , 5896262.16 , 54, 'GDA94', 'ADJ', 'OSGV', '25-JUL-14', '25-JUL-14', 3, 'X', 269.5189, .078),
(11334 , 217994 , 1 , -37.041586 , 142.465301 , 658360.584 , 5895758.98 , 54, 'GDA94', 'ADJ', 'OSGV', '25-JUL-14', '25-JUL-14', 3, 'X', 243.6159, .082),
(11335 , 217995 , 1 , -37.041471 , 142.464426 , 658145.299 , 5895798.6 , 54, 'GDA94', 'ADJ', 'OSGV', '25-JUL-14', '25-JUL-14', 3, 'X', 241.315, .081),
(11336 , 217996 , 1 , -37.034682 , 142.460668 , 657233.229 , 5896675.34 , 54, 'GDA94', 'ADJ', 'OSGV', '25-JUL-14', '25-JUL-14', 3, 'X', 232.8149, .081),
(11337 , 217997 , 1 , -37.03337 , 142.453351 , 656421.356 , 5897095.05 , 54, 'GDA94', 'ADJ', 'OSGV', '25-JUL-14', '25-JUL-14', 3, 'X', 221.8112, .084),
(11338 , 217998 , 1 , -37.03105 , 142.462696 , 657754.846 , 5897785.42 , 54, 'GDA94', 'ADJ', 'OSGV', '25-JUL-14', '25-JUL-14', 3, 'X', 246.3224, .082),
(11339 , 217999 , 1 , -37.030064 , 142.461905 , 657565.184 , 5898092.87 , 54, 'GDA94', 'ADJ', 'OSGV', '25-JUL-14', '25-JUL-14', 3, 'X', 239.4202, .084),
(11340 , 218000 , 1 , -37.030722 , 142.462434 , 657692.138 , 5897887.68 , 54, 'GDA94', 'ADJ', 'OSGV', '25-JUL-14', '25-JUL-14', 3, 'X', 243.8204, .083),
(11341 , 218001 , 1 , -37.032669 , 142.464198 , 658116.479 , 5897279.4 , 54, 'GDA94', 'ADJ', 'OSGV', '25-JUL-14', '25-JUL-14', 3, 'X', 249.4271, .08),
(11342 , 218002 , 1 , -37.040195 , 142.46437 , 658138.82 , 5896191.92 , 54, 'GDA94', 'ADJ', 'OSGV', '25-JUL-14', '25-JUL-14', 3, 'X', 253.2166, .078),
(11343 , 218003 , 1 , -37.032332 , 142.454956 , 656823.762 , 5897407.67 , 54, 'GDA94', 'ADJ', 'OSGV', '25-JUL-14', '25-JUL-14', 3, 'X', 229.715, .084),
(11344 , 218004 , 1 , -37.032956 , 142.464426 , 658171.275 , 5897190.06 , 54, 'GDA94', 'ADJ', 'OSGV', '25-JUL-14', '25-JUL-14', 3, 'X', 245.823, .08),
(11345 , 218005 , 1 , -37.035429 , 142.461359 , 657399.527 , 5896442.1 , 54, 'GDA94', 'ADJ', 'OSGV', '25-JUL-14', '25-JUL-14', 3, 'X', 237.0872, .08),
(11346 , 218006 , 1 , -37.040491 , 142.470217 , 658593.143 , 5896092.41 , 54, 'GDA94', 'ADJ', 'OSGV', '25-JUL-14', '25-JUL-14', 3, 'X', 258.7181, .079),
(11347 , 218007 , 1 , -37.033736 , 142.461462 , 657434.539 , 5896963.38 , 54, 'GDA94', 'ADJ', 'OSGV', '25-JUL-14', '25-JUL-14', 3, 'X', 243.225, .082),
(11348 , 218008 , 1 , -37.031818 , 142.50575 , 664433.235 , 5897421.22 , 54, 'GDA94', 'ADJ', 'OSGV', '25-JUL-14', '25-JUL-14', 3, 'X', 222.4431, .068),
(11349 , 218009 , 1 , -37.040193 , 142.464798 , 658244.491 , 5896190.81 , 54, 'GDA94', 'ADJ', 'OSGV', '25-JUL-14', '25-JUL-14', 3, 'X', 259.3445, .078),
(11350 , 218010 , 1 , -37.031836 , 142.470027 , 658573.074 , 5897527.75 , 54, 'GDA94', 'ADJ', 'OSGV', '25-JUL-14', '25-JUL-14', 3, 'X', 257.8259, .08),
(11351 , 218011 , 1 , -37.033862 , 142.462885 , 657785.341 , 5896917.93 , 54, 'GDA94', 'ADJ', 'OSGV', '25-JUL-14', '25-JUL-14', 3, 'X', 237.5131, .081),
(11352 , 218012 , 1 , -37.030692 , 142.455352 , 656930.83 , 5897911.26 , 54, 'GDA94', 'ADJ', 'OSGV', '25-JUL-14', '25-JUL-14', 3, 'X', 238.7162, .085),
(11353 , 218013 , 1 , -37.061749 , 144.043848 , 240281.271 , 5889497.05 , 55, 'GDA94', 'ADJ', 'OSGV', '25-JUL-14', '25-JUL-14', 3, 'X', 233.0688, .063),
(11354 , 218014 , 1 , -37.062912 , 144.06021 , 242356.877 , 5889201.84 , 55, 'GDA94', 'ADJ', 'OSGV', '25-JUL-14', '25-JUL-14', 3, 'X', 258.1368, .06),
(11355 , 218015 , 1 , -37.063869 , 144.03235 , 238450.094 , 5888786.49 , 55, 'GDA94', 'ADJ', 'OSGV', '25-JUL-14', '25-JUL-14', 3, 'X', 217.7256, .063),
(11356 , 218016 , 1 , -37.071475 , 144.032562 , 238537.051 , 5887676.43 , 55, 'GDA94', 'ADJ', 'OSGV', '25-JUL-14', '25-JUL-14', 3, 'X', 223.7216, .055),
(11357 , 218017 , 1 , -37.074693 , 144.042231 , 239967 , 5886727.79 , 55, 'GDA94', 'ADJ', 'OSGV', '25-JUL-14', '25-JUL-14', 3, 'X', 225.0666, .055),
(11358 , 218018 , 1 , -37.061559 , 144.043914 , 240295.747 , 5889556.05 , 55, 'GDA94', 'ADJ', 'OSGV', '21-JUL-14', '21-JUL-14', 3, 'X', 232.2737, .06),
(11359 , 218019 , 1 , -37.062511 , 144.045719 , 240750.411 , 5889276.56 , 55, 'GDA94', 'ADJ', 'OSGV', '21-JUL-14', '21-JUL-14', 3, 'X', 260.2887, .057),
(11360 , 218020 , 1 , -37.06465 , 144.055041 , 242084.427 , 5888657.3 , 55, 'GDA94', 'ADJ', 'OSGV', '21-JUL-14', '21-JUL-14', 3, 'X', 243.4216, .058),
(11361 , 218021 , 1 , -36.510349 , 145.440396 , 387172.865 , 5920912.45 , 55, 'GDA94', 'ADJ', 'OSGV', '21-JUL-14', '21-JUL-14', 3, 'X', 499.4015, .083),
(11362 , 218022 , 1 , -36.474592 , 144.221521 , 265425.692 , 5924522.97 , 55, 'GDA94', 'ADJ', 'OSGV', '21-JUL-14', '21-JUL-14', 3, 'X', 207.932, .038),
(11363 , 218023 , 1 , -36.484153 , 144.234263 , 267639.415 , 5922868.12 , 55, 'GDA94', 'ADJ', 'OSGV', '21-JUL-14', '21-JUL-14', 3, 'X', 198.377, .04),
(11364 , 218024 , 1 , -36.462608 , 144.214661 , 264648.862 , 5926964.1 , 55, 'GDA94', 'ADJ', 'OSGV', '21-JUL-14', '21-JUL-14', 3, 'X', 205.9927, .023),
(11365 , 218025 , 1 , -36.461771 , 144.232247 , 267018.759 , 5927287.45 , 55, 'GDA94', 'ADJ', 'OSGV', '21-JUL-14', '21-JUL-14', 3, 'X', 203.519, .031),
(11366 , 218026 , 1 , -36.464058 , 144.212268 , 264067.892 , 5926501.05 , 55, 'GDA94', 'ADJ', 'OSGV', '21-JUL-14', '21-JUL-14', 3, 'X', 223.6881, .021),
(11367 , 218027 , 1 , -36.47012 , 144.211858 , 263983.778 , 5925862.51 , 55, 'GDA94', 'ADJ', 'OSGV', '21-JUL-14', '21-JUL-14', 3, 'X', 228.486, .026),
(11368 , 218028 , 1 , -36.47265 , 144.211351 , 263879.638 , 5925079.13 , 55, 'GDA94', 'ADJ', 'OSGV', '21-JUL-14', '21-JUL-14', 3, 'X', 236.8762, .024),
(11370 , 218030 , 1 , -36.47289 , 144.220975 , 265275.761 , 5925043.82 , 55, 'GDA94', 'ADJ', 'OSGV', '21-JUL-14', '21-JUL-14', 3, 'X', 211.2872, .032),
(11371 , 218031 , 1 , -36.474154 , 144.214482 , 264668.631 , 5924637.18 , 55, 'GDA94', 'ADJ', 'OSGV', '21-JUL-14', '21-JUL-14', 3, 'X', 225.6731, .029),
(11372 , 218032 , 1 , -35.553179 , 145.255506 , 358537.933 , 6023179.03 , 55, 'GDA94', 'ADJ', 'OSGV', '21-JUL-14', '21-JUL-14', 3, 'X', 115.9628, .062),
(11380 , 218033 , 1 , -35.552921 , 145.255416 , 358514.142 , 6023258.12 , 55, 'GDA94', 'ADJ', 'OSGV', '21-JUL-14', '21-JUL-14', 3, 'X', 115.6917, .091),
(11386 , 218034 , 1 , -36.463588 , 145.091584 , 335298.496 , 5928317.45 , 55, 'GDA94', 'ADJ', 'OSGV', '21-JUL-14', '21-JUL-14', 3, 'X', 136.3834, .069),
(11387 , 218035 , 1 , -37.23212 , 145.424179 , 385948.503 , 5861169.92 , 55, 'GDA94', 'ADJ', 'OSGV', '21-JUL-14', '21-JUL-14', 3, 'X', 254.1756, .012),
(11388 , 218036 , 1 , -36.274659 , 147.143994 , 521900.303 , 5964674.86 , 55, 'GDA94', 'ADJ', 'OSGV', '21-JUL-14', '21-JUL-14', 3, 'X', 257.6757, .187),
(11390 , 218038 , 1 , -37.022331 , 145.093699 , 336386.031 , 5899128.86 , 55, 'GDA94', 'ADJ', 'OSGV', '21-JUL-14', '21-JUL-14', 3, 'X', 172.2841, .027),
(11391 , 218039 , 1 , -37.013377 , 145.082031 , 334461.839 , 5900618.83 , 55, 'GDA94', 'ADJ', 'OSGV', '21-JUL-14', '21-JUL-14', 3, 'X', 150.1654, .016),
(11393 , 218040 , 1 , -36.15193 , 145.212373 , 352356.392 , 5986475.13 , 55, 'GDA94', 'ADJ', 'OSGV', '21-JUL-14', '21-JUL-14', 3, 'X', 117.8375, .075),
(11394 , 218041 , 1 , -36.161058 , 145.231072 , 355052.864 , 5984940.12 , 55, 'GDA94', 'ADJ', 'OSGV', '21-JUL-14', '21-JUL-14', 3, 'X', 115.5779, .077),
(11395 , 218042 , 1 , -37.451031 , 147.495642 , 573322.406 , 5821278.7 , 55, 'GDA94', 'ADJ', 'OSGV', '21-JUL-14', '21-JUL-14', 3, 'X', 94.7872, .078),
(11396 , 218043 , 1 , -37.411948 , 147.502382 , 574056.715 , 5828386.52 , 55, 'GDA94', 'ADJ', 'OSGV', '21-JUL-14', '21-JUL-14', 3, 'X', 118.1248, .076),
(11533 , 218121 , 1 , -38.123163 , 146.313551 , 458548.558 , 5770913.36 , 55, 'GDA94', 'ADJ', 'OSGV', '21-JUL-14', '21-JUL-14', 3, 'X', 74.3145, .068),
(11534 , 218122 , 1 , -38.124351 , 146.313428 , 458520.744 , 5770547.15 , 55, 'GDA94', 'ADJ', 'OSGV', '21-JUL-14', '21-JUL-14', 3, 'X', 79.6007, .069),
(11535 , 218123 , 1 , -38.200474 , 141.31381 , 546080.049 , 5756922.19 , 54, 'GDA94', 'ADJ', 'OSGV', '21-JUL-14', '21-JUL-14', 3, 'X', 69.247, .02),
(11536 , 218124 , 1 , -37.422819 , 144.531147 , 313697.5 , 5824498.75 , 55, 'GDA94', 'ADJ', 'OSGV', '21-JUL-14', '21-JUL-14', 3, 'X', 91.8292, .026),
(11537 , 218125 , 1 , -37.421342 , 144.532207 , 313946.801 , 5824960.03 , 55, 'GDA94', 'ADJ', 'OSGV', '21-JUL-14', '21-JUL-14', 3, 'X', 97.4179, .024),
(11542 , 218126 , 1 , -35.134846 , 141.225584 , 534776.437 , 6101369.12 , 54, 'GDA94', 'ADJ', 'OSGV', '21-JUL-14', '21-JUL-14', 3, 'X', 53.1213, .328),
(11543 , 218127 , 1 , -35.135767 , 141.22389 , 534347.263 , 6101087.11 , 54, 'GDA94', 'ADJ', 'OSGV', '21-JUL-14', '21-JUL-14', 3, 'X', 46.3127, .327),
(11544 , 218128 , 1 , -35.134881 , 141.244443 , 537521.282 , 6101347.51 , 54, 'GDA94', 'ADJ', 'OSGV', '21-JUL-14', '21-JUL-14', 3, 'X', 51.0782, .319),
(11545 , 218129 , 1 , -38.185622 , 145.110152 , 341218.137 , 5757605 , 55, 'GDA94', 'ADJ', 'OSGV', '21-JUL-14', '21-JUL-14', 3, 'X', 11.9239, .029),
(11546 , 218130 , 1 , -38.183042 , 145.114812 , 342334.459 , 5758422.7 , 55, 'GDA94', 'ADJ', 'OSGV', '21-JUL-14', '21-JUL-14', 3, 'X', 5.663, .023),
(11547 , 218131 , 1 , -38.13216 , 145.114802 , 342146.439 , 5767941.77 , 55, 'GDA94', 'ADJ', 'OSGV', '21-JUL-14', '21-JUL-14', 3, 'X', 29.7083, .034),
(11549 , 218132 , 1 , -38.185756 , 145.113694 , 342079.131 , 5757580.57 , 55, 'GDA94', 'ADJ', 'OSGV', '21-JUL-14', '21-JUL-14', 3, 'X', 7.0381, .022),
(11550 , 218133 , 1 , -38.183037 , 145.115233 , 342436.555 , 5758426.12 , 55, 'GDA94', 'ADJ', 'OSGV', '21-JUL-14', '21-JUL-14', 3, 'X', 6.1635, .031),
(11551 , 218134 , 1 , -38.183001 , 145.11546 , 342491.512 , 5758438.4 , 55, 'GDA94', 'ADJ', 'OSGV', '21-JUL-14', '21-JUL-14', 3, 'X', 6.1939, .016),
(11552 , 218135 , 1 , -38.152111 , 145.10095 , 339823.512 , 5764210.93 , 55, 'GDA94', 'ADJ', 'OSGV', '21-JUL-14', '21-JUL-14', 3, 'X', 84.7933, .022),
(11553 , 218136 , 1 , -35.204211 , 142.252919 , 629469.39 , 6087761.95 , 54, 'GDA94', 'ADJ', 'OSGV', '21-JUL-14', '21-JUL-14', 3, 'X', 83.0805, .169),
(11554 , 218137 , 1 , -35.230832 , 142.260081 , 630202.426 , 6083245.84 , 54, 'GDA94', 'ADJ', 'OSGV', '21-JUL-14', '21-JUL-14', 3, 'X', 108.4579, .161),
(11555 , 218138 , 1 , -35.100007 , 143.22371 , 716482.826 , 6105884.65 , 54, 'GDA94', 'ADJ', 'OSGV', '21-JUL-14', '21-JUL-14', 3, 'X', 78.5791, .098),
(11556 , 218139 , 1 , -35.102249 , 143.22434 , 716625.724 , 6105190 , 54, 'GDA94', 'ADJ', 'OSGV', '21-JUL-14', '21-JUL-14', 3, 'X', 85.0805, .092),
(11557 , 218140 , 1 , -35.281728 , 143.161539 , 706049.199 , 6072300.56 , 54, 'GDA94', 'ADJ', 'OSGV', '21-JUL-14', '21-JUL-14', 3, 'X', 83.6461, .05),
(11558 , 218141 , 1 , -35.552881 , 145.220524 , 352776.633 , 6023176.37 , 55, 'GDA94', 'ADJ', 'OSGV', '21-JUL-14', '21-JUL-14', 3, 'X', 113.7848, .096),
(11559 , 218142 , 1 , -35.520955 , 145.21114 , 351323.9 , 6029293.69 , 55, 'GDA94', 'ADJ', 'OSGV', '21-JUL-14', '21-JUL-14', 3, 'X', 113.3208, .125),
(11560 , 218143 , 1 , -36.141956 , 145.090087 , 333780.971 , 5987981.9 , 55, 'GDA94', 'ADJ', 'OSGV', '21-JUL-14', '21-JUL-14', 3, 'X', 111.6858, .083),
(11561 , 218144 , 1 , -35.102143 , 141.483926 , 573841.669 , 6107512.72 , 54, 'GDA94', 'ADJ', 'OSGV', '21-JUL-14', '21-JUL-14', 3, 'X', 66.7127, .026),
(11562 , 218145 , 1 , -35.101901 , 141.481335 , 573186.801 , 6107592.75 , 54, 'GDA94', 'ADJ', 'OSGV', '21-JUL-14', '21-JUL-14', 3, 'X', 57.1766, .012),
(11565 , 218146 , 1 , -38.025338 , 144.08452 , 249555.458 , 5784995.07 , 55, 'GDA94', 'ADJ', 'OSGV', '21-JUL-14', '21-JUL-14', 3, 'X', 109.6112, .028),
(11566 , 218147 , 1 , -38.024114 , 144.102089 , 251876.84 , 5785443.66 , 55, 'GDA94', 'ADJ', 'OSGV', '21-JUL-14', '21-JUL-14', 3, 'X', 121.5608, .032),
(11803 , 218338 , 1 , -38.112855 , 146.063945 , 422147.013 , 5772590.05 , 55, 'GDA94', 'ADJ', 'OSGV', '21-JUL-14', '21-JUL-14', 3, 'X', 71.8273, .03),
(11804 , 218339 , 1 , -38.120604 , 146.081023 , 424365.939 , 5771455.49 , 55, 'GDA94', 'ADJ', 'OSGV', '21-JUL-14', '21-JUL-14', 3, 'X', 73.379, .031),
(11805 , 218340 , 1 , -38.104776 , 146.123463 , 430776.027 , 5773925.53 , 55, 'GDA94', 'ADJ', 'OSGV', '21-JUL-14', '21-JUL-14', 3, 'X', 62.0589, .027),
(11806 , 218341 , 1 , -38.102381 , 146.1541 , 435304.319 , 5774700.98 , 55, 'GDA94', 'ADJ', 'OSGV', '21-JUL-14', '21-JUL-14', 3, 'X', 70.3077, .04),
(11807 , 218342 , 1 , -38.09317 , 146.142943 , 433549.816 , 5776293.1 , 55, 'GDA94', 'ADJ', 'OSGV', '21-JUL-14', '21-JUL-14', 3, 'X', 90.9585, .053),
(11808 , 218343 , 1 , -38.333746 , 146.401092 , 471222.539 , 5731952.22 , 55, 'GDA94', 'ADJ', 'OSGV', '21-JUL-14', '21-JUL-14', 3, 'X', 24.4447, .028),
(11809 , 218344 , 1 , -36.025133 , 145.59433 , 409507.33 , 6010306.09 , 55, 'GDA94', 'ADJ', 'OSGV', '21-JUL-14', '21-JUL-14', 3, 'X', 147.6434, .037),
(11810 , 218345 , 1 , -35.52343 , 145.360258 , 373685.15 , 6028879.35 , 55, 'GDA94', 'ADJ', 'OSGV', '21-JUL-14', '21-JUL-14', 3, 'X', 121.3838, .141),
(11811 , 218346 , 1 , -35.521101 , 145.315733 , 367524.171 , 6029506.65 , 55, 'GDA94', 'ADJ', 'OSGV', '21-JUL-14', '21-JUL-14', 3, 'X', 118.7153, .1),
(11812 , 218347 , 1 , -38.320157 , 143.322023 , 721304.135 , 5731903.73 , 54, 'GDA94', 'ADJ', 'OSGV', '21-JUL-14', '21-JUL-14', 3, 'X', 99.3182, .104),
(11813 , 218348 , 1 , -38.305999 , 143.42532 , 736688.309 , 5733363.98 , 54, 'GDA94', 'ADJ', 'OSGV', '21-JUL-14', '21-JUL-14', 3, 'X', 193.6147, .026),
(11814 , 218349 , 1 , -38.312131 , 143.424926 , 736573.641 , 5732709.62 , 54, 'GDA94', 'ADJ', 'OSGV', '21-JUL-14', '21-JUL-14', 3, 'X', 203.2071, .039),
(11815 , 218350 , 1 , -38.31356 , 143.424808 , 736531.973 , 5732269.74 , 54, 'GDA94', 'ADJ', 'OSGV', '21-JUL-14', '21-JUL-14', 3, 'X', 220.5045, .048),
(11816 , 218351 , 1 , -38.301808 , 143.432299 , 737448.224 , 5734634.76 , 54, 'GDA94', 'ADJ', 'OSGV', '21-JUL-14', '21-JUL-14', 3, 'X', 167.8363, .037),
(11817 , 218352 , 1 , -38.314096 , 143.331977 , 722763.775 , 5732499.1 , 54, 'GDA94', 'ADJ', 'OSGV', '21-JUL-14', '21-JUL-14', 3, 'X', 201.062, .11),
(11818 , 218353 , 1 , -38.305135 , 143.302052 , 718464.342 , 5734148.06 , 54, 'GDA94', 'ADJ', 'OSGV', '21-JUL-14', '21-JUL-14', 3, 'X', 260.2871, .093),
(11819 , 218354 , 1 , -37.125868 , 145.250685 , 359685.386 , 5879961.01 , 55, 'GDA94', 'ADJ', 'OSGV', '21-JUL-14', '21-JUL-14', 3, 'X', 181.8888, .041),
(11820 , 218355 , 1 , -37.130399 , 145.252222 , 360066.894 , 5879803.57 , 55, 'GDA94', 'ADJ', 'OSGV', '21-JUL-14', '21-JUL-14', 3, 'X', 201.6017, .038),
(11821 , 218356 , 1 , -37.130855 , 145.250212 , 359573.838 , 5879654.95 , 55, 'GDA94', 'ADJ', 'OSGV', '21-JUL-14', '21-JUL-14', 3, 'X', 187.2821, .047);
INSERT INTO "mark_horizontal"
("mark_h_id","mark_id","h_d_code","h_class","h_order","h_technique","h_organ","x_coord","y_coord","zone","h_date_surv","h_date_adj","h_date_edit","h_uncert")
VALUES
(145484,11328,'GDA94',DEFAULT,'3','ADJ','OSGV','657556.442','5897041.887','54',DEFAULT,'21-JUL-14','21-JUL-14',0.082),
(145501,11329,'GDA94',DEFAULT,'3','ADJ','OSGV','657530.771','5896254.251','54',DEFAULT,'21-JUL-14','21-JUL-14',0.08),
(145508,11330,'GDA94',DEFAULT,'3','ADJ','OSGV','658206.447','5896583.613','54',DEFAULT,'21-JUL-14','21-JUL-14',0.079),
(145511,11331,'GDA94',DEFAULT,'3','ADJ','OSGV','656968.422','5897753.08','54',DEFAULT,'21-JUL-14','21-JUL-14',0.084),
(145523,11332,'GDA94',DEFAULT,'3','ADJ','OSGV','658741.412','5897501.56','54',DEFAULT,'21-JUL-14','21-JUL-14',0.082),
(145538,11333,'GDA94',DEFAULT,'3','ADJ','OSGV','658625.141','5896262.157','54',DEFAULT,'21-JUL-14','21-JUL-14',0.078),
(145539,11334,'GDA94',DEFAULT,'3','ADJ','OSGV','658360.584','5895758.982','54',DEFAULT,'21-JUL-14','21-JUL-14',0.082),
(145540,11335,'GDA94',DEFAULT,'3','ADJ','OSGV','658145.299','5895798.597','54',DEFAULT,'21-JUL-14','21-JUL-14',0.081),
(145546,11336,'GDA94',DEFAULT,'3','ADJ','OSGV','657233.229','5896675.335','54',DEFAULT,'21-JUL-14','21-JUL-14',0.081),
(145549,11337,'GDA94',DEFAULT,'3','ADJ','OSGV','656421.356','5897095.052','54',DEFAULT,'21-JUL-14','21-JUL-14',0.084),
(145550,11338,'GDA94',DEFAULT,'3','ADJ','OSGV','657754.846','5897785.424','54',DEFAULT,'21-JUL-14','21-JUL-14',0.082),
(145552,11339,'GDA94',DEFAULT,'3','ADJ','OSGV','657565.184','5898092.866','54',DEFAULT,'21-JUL-14','21-JUL-14',0.084),
(145553,11340,'GDA94',DEFAULT,'3','ADJ','OSGV','657692.138','5897887.675','54',DEFAULT,'21-JUL-14','21-JUL-14',0.083),
(145556,11341,'GDA94',DEFAULT,'3','ADJ','OSGV','658116.479','5897279.396','54',DEFAULT,'21-JUL-14','21-JUL-14',0.08),
(145568,11342,'GDA94',DEFAULT,'3','ADJ','OSGV','658138.82','5896191.922','54',DEFAULT,'21-JUL-14','21-JUL-14',0.078),
(145571,11343,'GDA94',DEFAULT,'3','ADJ','OSGV','656823.762','5897407.666','54',DEFAULT,'21-JUL-14','21-JUL-14',0.084),
(145575,11344,'GDA94',DEFAULT,'3','ADJ','OSGV','658171.275','5897190.059','54',DEFAULT,'21-JUL-14','21-JUL-14',0.08),
(145585,11345,'GDA94',DEFAULT,'3','ADJ','OSGV','657399.527','5896442.103','54',DEFAULT,'21-JUL-14','21-JUL-14',0.08),
(145591,11346,'GDA94',DEFAULT,'3','ADJ','OSGV','658593.143','5896092.414','54',DEFAULT,'21-JUL-14','21-JUL-14',0.079),
(145597,11347,'GDA94',DEFAULT,'3','ADJ','OSGV','657434.539','5896963.377','54',DEFAULT,'21-JUL-14','21-JUL-14',0.082),
(145603,11348,'GDA94',DEFAULT,'3','ADJ','OSGV','664433.235','5897421.219','54',DEFAULT,'21-JUL-14','21-JUL-14',0.068),
(145619,11349,'GDA94',DEFAULT,'3','ADJ','OSGV','658244.491','5896190.806','54',DEFAULT,'21-JUL-14','21-JUL-14',0.078),
(145635,11350,'GDA94',DEFAULT,'3','ADJ','OSGV','658573.074','5897527.747','54',DEFAULT,'21-JUL-14','21-JUL-14',0.08),
(145639,11351,'GDA94',DEFAULT,'3','ADJ','OSGV','657785.341','5896917.931','54',DEFAULT,'21-JUL-14','21-JUL-14',0.081),
(145642,11352,'GDA94',DEFAULT,'3','ADJ','OSGV','656930.83','5897911.261','54',DEFAULT,'21-JUL-14','21-JUL-14',0.085),
(141836,11353,'GDA94',DEFAULT,'3','ADJ','OSGV','240281.271','5889497.049','55',DEFAULT,'21-JUL-14','21-JUL-14',0.063),
(141838,11354,'GDA94',DEFAULT,'3','ADJ','OSGV','242356.877','5889201.835','55',DEFAULT,'21-JUL-14','21-JUL-14',0.06),
(141843,11355,'GDA94',DEFAULT,'3','ADJ','OSGV','238450.094','5888786.487','55',DEFAULT,'21-JUL-14','21-JUL-14',0.063),
(141846,11356,'GDA94',DEFAULT,'3','ADJ','OSGV','238537.051','5887676.435','55',DEFAULT,'21-JUL-14','21-JUL-14',0.055),
(141849,11357,'GDA94',DEFAULT,'3','ADJ','OSGV','239967','5886727.794','55',DEFAULT,'21-JUL-14','21-JUL-14',0.055),
(141856,11358,'GDA94',DEFAULT,'3','ADJ','OSGV','240295.747','5889556.047','55',DEFAULT,'21-JUL-14','21-JUL-14',0.06),
(141862,11359,'GDA94',DEFAULT,'3','ADJ','OSGV','240750.411','5889276.565','55',DEFAULT,'21-JUL-14','21-JUL-14',0.057),
(141866,11360,'GDA94',DEFAULT,'3','ADJ','OSGV','242084.427','5888657.295','55',DEFAULT,'21-JUL-14','21-JUL-14',0.058),
(148638,11361,'GDA94',DEFAULT,'3','ADJ','OSGV','387172.865','5920912.45','55',DEFAULT,'21-JUL-14','21-JUL-14',0.083),
(146051,11362,'GDA94',DEFAULT,'3','ADJ','OSGV','265425.692','5924522.97','55',DEFAULT,'21-JUL-14','21-JUL-14',0.038),
(146055,11363,'GDA94',DEFAULT,'3','ADJ','OSGV','267639.415','5922868.121','55',DEFAULT,'21-JUL-14','21-JUL-14',0.04),
(146059,11364,'GDA94',DEFAULT,'3','ADJ','OSGV','264648.862','5926964.102','55',DEFAULT,'21-JUL-14','21-JUL-14',0.023),
(146062,11365,'GDA94',DEFAULT,'3','ADJ','OSGV','267018.759','5927287.45','55',DEFAULT,'21-JUL-14','21-JUL-14',0.031),
(146064,11366,'GDA94',DEFAULT,'3','ADJ','OSGV','264067.892','5926501.052','55',DEFAULT,'21-JUL-14','21-JUL-14',0.021),
(146065,11367,'GDA94',DEFAULT,'3','ADJ','OSGV','263983.778','5925862.507','55',DEFAULT,'21-JUL-14','21-JUL-14',0.026),
(146066,11368,'GDA94',DEFAULT,'3','ADJ','OSGV','263879.638','5925079.131','55',DEFAULT,'21-JUL-14','21-JUL-14',0.024),
(146069,11370,'GDA94',DEFAULT,'3','ADJ','OSGV','265275.761','5925043.821','55',DEFAULT,'21-JUL-14','21-JUL-14',0.032),
(146070,11371,'GDA94',DEFAULT,'3','ADJ','OSGV','264668.631','5924637.176','55',DEFAULT,'21-JUL-14','21-JUL-14',0.029),
(172463,11372,'GDA94',DEFAULT,'3','ADJ','OSGV','358537.933','6023179.029','55',DEFAULT,'21-JUL-14','21-JUL-14',0.062),
(169311,11380,'GDA94',DEFAULT,'3','ADJ','OSGV','358514.142','6023258.124','55',DEFAULT,'21-JUL-14','21-JUL-14',0.091),
(139478,11386,'GDA94',DEFAULT,'3','ADJ','OSGV','335298.496','5928317.455','55',DEFAULT,'21-JUL-14','21-JUL-14',0.069),
(148649,11387,'GDA94',DEFAULT,'3','ADJ','OSGV','385948.503','5861169.925','55',DEFAULT,'21-JUL-14','21-JUL-14',0.012),
(143047,11388,'GDA94',DEFAULT,'3','ADJ','OSGV','521900.303','5964674.857','55',DEFAULT,'21-JUL-14','21-JUL-14',0.187),
(139486,11390,'GDA94',DEFAULT,'3','ADJ','OSGV','336386.031','5899128.856','55',DEFAULT,'21-JUL-14','21-JUL-14',0.027),
(139489,11391,'GDA94',DEFAULT,'3','ADJ','OSGV','334461.839','5900618.829','55',DEFAULT,'21-JUL-14','21-JUL-14',0.016),
(145011,11393,'GDA94',DEFAULT,'3','ADJ','OSGV','352356.392','5986475.128','55',DEFAULT,'21-JUL-14','21-JUL-14',0.075),
(145012,11394,'GDA94',DEFAULT,'3','ADJ','OSGV','355052.864','5984940.118','55',DEFAULT,'21-JUL-14','21-JUL-14',0.077),
(136078,11395,'GDA94',DEFAULT,'3','ADJ','OSGV','573322.406','5821278.698','55',DEFAULT,'21-JUL-14','21-JUL-14',0.078),
(136080,11396,'GDA94',DEFAULT,'3','ADJ','OSGV','574056.715','5828386.518','55',DEFAULT,'21-JUL-14','21-JUL-14',0.076),
(144417,11533,'GDA94',DEFAULT,'3','ADJ','OSGV','458548.558','5770913.362','55',DEFAULT,'21-JUL-14','21-JUL-14',0.068),
(144420,11534,'GDA94',DEFAULT,'3','ADJ','OSGV','458520.744','5770547.153','55',DEFAULT,'21-JUL-14','21-JUL-14',0.069),
(141204,11535,'GDA94',DEFAULT,'3','ADJ','OSGV','546080.049','5756922.188','54',DEFAULT,'21-JUL-14','21-JUL-14',0.02),
(150409,11536,'GDA94',DEFAULT,'3','ADJ','OSGV','313697.5','5824498.746','55',DEFAULT,'21-JUL-14','21-JUL-14',0.026),
(150413,11537,'GDA94',DEFAULT,'3','ADJ','OSGV','313946.801','5824960.035','55',DEFAULT,'21-JUL-14','21-JUL-14',0.024),
(142425,11542,'GDA94',DEFAULT,'3','ADJ','OSGV','534776.437','6101369.124','54',DEFAULT,'21-JUL-14','21-JUL-14',0.328),
(142427,11543,'GDA94',DEFAULT,'3','ADJ','OSGV','534347.263','6101087.107','54',DEFAULT,'21-JUL-14','21-JUL-14',0.327),
(142428,11544,'GDA94',DEFAULT,'3','ADJ','OSGV','537521.282','6101347.513','54',DEFAULT,'21-JUL-14','21-JUL-14',0.319),
(152173,11545,'GDA94',DEFAULT,'3','ADJ','OSGV','341218.137','5757604.999','55',DEFAULT,'21-JUL-14','21-JUL-14',0.029),
(152206,11546,'GDA94',DEFAULT,'3','ADJ','OSGV','342334.459','5758422.701','55',DEFAULT,'21-JUL-14','21-JUL-14',0.023),
(152230,11547,'GDA94',DEFAULT,'3','ADJ','OSGV','342146.439','5767941.768','55',DEFAULT,'21-JUL-14','21-JUL-14',0.034),
(152252,11549,'GDA94',DEFAULT,'3','ADJ','OSGV','342079.131','5757580.573','55',DEFAULT,'21-JUL-14','21-JUL-14',0.022),
(152253,11550,'GDA94',DEFAULT,'3','ADJ','OSGV','342436.555','5758426.123','55',DEFAULT,'21-JUL-14','21-JUL-14',0.031),
(152254,11551,'GDA94',DEFAULT,'3','ADJ','OSGV','342491.512','5758438.405','55',DEFAULT,'21-JUL-14','21-JUL-14',0.016),
(152256,11552,'GDA94',DEFAULT,'3','ADJ','OSGV','339823.512','5764210.929','55',DEFAULT,'21-JUL-14','21-JUL-14',0.022),
(142431,11553,'GDA94',DEFAULT,'3','ADJ','OSGV','629469.39','6087761.947','54',DEFAULT,'21-JUL-14','21-JUL-14',0.169),
(142434,11554,'GDA94',DEFAULT,'3','ADJ','OSGV','630202.426','6083245.838','54',DEFAULT,'21-JUL-14','21-JUL-14',0.161),
(138367,11555,'GDA94',DEFAULT,'3','ADJ','OSGV','716482.826','6105884.647','54',DEFAULT,'21-JUL-14','21-JUL-14',0.098),
(138370,11556,'GDA94',DEFAULT,'3','ADJ','OSGV','716625.724','6105189.997','54',DEFAULT,'21-JUL-14','21-JUL-14',0.092),
(138308,11557,'GDA94',DEFAULT,'3','ADJ','OSGV','706049.199','6072300.56','54',DEFAULT,'21-JUL-14','21-JUL-14',0.05),
(169318,11558,'GDA94',DEFAULT,'3','ADJ','OSGV','352776.633','6023176.371','55',DEFAULT,'21-JUL-14','21-JUL-14',0.096),
(169322,11559,'GDA94',DEFAULT,'3','ADJ','OSGV','351323.9','6029293.686','55',DEFAULT,'21-JUL-14','21-JUL-14',0.125),
(145063,11560,'GDA94',DEFAULT,'3','ADJ','OSGV','333780.971','5987981.898','55',DEFAULT,'21-JUL-14','21-JUL-14',0.083),
(142435,11561,'GDA94',DEFAULT,'3','ADJ','OSGV','573841.669','6107512.72','54',DEFAULT,'21-JUL-14','21-JUL-14',0.026),
(142438,11562,'GDA94',DEFAULT,'3','ADJ','OSGV','573186.801','6107592.753','54',DEFAULT,'21-JUL-14','21-JUL-14',0.012),
(143768,11565,'GDA94',DEFAULT,'3','ADJ','OSGV','249555.458','5784995.074','55',DEFAULT,'21-JUL-14','21-JUL-14',0.028),
(143783,11566,'GDA94',DEFAULT,'3','ADJ','OSGV','251876.84','5785443.664','55',DEFAULT,'21-JUL-14','21-JUL-14',0.032),
(146690,11803,'GDA94',DEFAULT,'3','ADJ','OSGV','422147.013','5772590.046','55',DEFAULT,'21-JUL-14','21-JUL-14',0.03),
(146693,11804,'GDA94',DEFAULT,'3','ADJ','OSGV','424365.939','5771455.49','55',DEFAULT,'21-JUL-14','21-JUL-14',0.031),
(146688,11805,'GDA94',DEFAULT,'3','ADJ','OSGV','430776.027','5773925.528','55',DEFAULT,'21-JUL-14','21-JUL-14',0.027),
(146702,11806,'GDA94',DEFAULT,'3','ADJ','OSGV','435304.319','5774700.979','55',DEFAULT,'21-JUL-14','21-JUL-14',0.04),
(146705,11807,'GDA94',DEFAULT,'3','ADJ','OSGV','433549.816','5776293.098','55',DEFAULT,'21-JUL-14','21-JUL-14',0.053),
(144489,11808,'GDA94',DEFAULT,'3','ADJ','OSGV','471222.539','5731952.224','55',DEFAULT,'21-JUL-14','21-JUL-14',0.028),
(147450,11809,'GDA94',DEFAULT,'3','ADJ','OSGV','409507.33','6010306.093','55',DEFAULT,'21-JUL-14','21-JUL-14',0.037),
(169328,11810,'GDA94',DEFAULT,'3','ADJ','OSGV','373685.15','6028879.353','55',DEFAULT,'21-JUL-14','21-JUL-14',0.141),
(169331,11811,'GDA94',DEFAULT,'3','ADJ','OSGV','367524.171','6029506.649','55',DEFAULT,'21-JUL-14','21-JUL-14',0.1),
(143860,11812,'GDA94',DEFAULT,'3','ADJ','OSGV','721304.135','5731903.725','54',DEFAULT,'21-JUL-14','21-JUL-14',0.104),
(143863,11813,'GDA94',DEFAULT,'3','ADJ','OSGV','736688.309','5733363.98','54',DEFAULT,'21-JUL-14','21-JUL-14',0.026),
(143864,11814,'GDA94',DEFAULT,'3','ADJ','OSGV','736573.641','5732709.621','54',DEFAULT,'21-JUL-14','21-JUL-14',0.039),
(143865,11815,'GDA94',DEFAULT,'3','ADJ','OSGV','736531.973','5732269.743','54',DEFAULT,'21-JUL-14','21-JUL-14',0.048),
(143867,11816,'GDA94',DEFAULT,'3','ADJ','OSGV','737448.224','5734634.758','54',DEFAULT,'21-JUL-14','21-JUL-14',0.037),
(143870,11817,'GDA94',DEFAULT,'3','ADJ','OSGV','722763.775','5732499.1','54',DEFAULT,'21-JUL-14','21-JUL-14',0.11),
(143872,11818,'GDA94',DEFAULT,'3','ADJ','OSGV','718464.342','5734148.057','54',DEFAULT,'21-JUL-14','21-JUL-14',0.093),
(139560,11819,'GDA94',DEFAULT,'3','ADJ','OSGV','359685.386','5879961.014','55',DEFAULT,'21-JUL-14','21-JUL-14',0.041),
(139562,11820,'GDA94',DEFAULT,'3','ADJ','OSGV','360066.894','5879803.574','55',DEFAULT,'21-JUL-14','21-JUL-14',0.038),
(139563,11821,'GDA94',DEFAULT,'3','ADJ','OSGV','359573.838','5879654.947','55',DEFAULT,'21-JUL-14','21-JUL-14',0.047);
INSERT INTO "mark_measurements"
("mark_id","msr_types")
VALUES
(11328,'DHM'),
(11329,'DHM'),
(11330,'DHM'),
(11331,'DHM'),
(11332,'DHM'),
(11333,'DHM'),
(11334,'DHM'),
(11335,'DHM'),
(11336,'DHM'),
(11337,'DHM'),
(11338,'DHM'),
(11339,'DHM'),
(11340,'DHM'),
(11341,'DHM'),
(11342,'DHM'),
(11343,'DHM'),
(11344,'DHM'),
(11345,'DHM'),
(11346,'DHM'),
(11347,'DHM'),
(11348,'DHML'),
(11349,'DHM'),
(11350,'DHM'),
(11351,'DHM'),
(11352,'DHM'),
(11353,'DHM'),
(11354,'DHM'),
(11355,'DHM'),
(11356,'DHM'),
(11357,'DHM'),
(11358,'DHM'),
(11359,'DHM'),
(11360,'DHM'),
(11361,'DHM'),
(11362,'DHML'),
(11363,'DHML'),
(11364,'DHM'),
(11365,'DHM'),
(11366,'DHM'),
(11367,'DHM'),
(11368,'DHM'),
(11370,'DHM'),
(11371,'DHM'),
(11372,'DHM'),
(11380,'DHM'),
(11386,'DHM'),
(11387,'DGM'),
(11388,'DHM'),
(11390,'DHM'),
(11391,'DHM'),
(11393,'DHM'),
(11394,'DHM'),
(11395,'DHM'),
(11396,'DHM'),
(11533,'DHM'),
(11534,'DHM'),
(11535,'DGM'),
(11536,'DHM'),
(11537,'DHM'),
(11542,'DHM'),
(11543,'DHM'),
(11544,'DHM'),
(11545,'DHM'),
(11546,'DHM'),
(11547,'DHM'),
(11549,'DHM'),
(11550,'DHM'),
(11551,'DGM'),
(11552,'DHM'),
(11553,'DHM'),
(11554,'DHM'),
(11555,'DHM'),
(11556,'DHM'),
(11557,'DHM'),
(11558,'DHM'),
(11559,'DHM'),
(11560,'DHM'),
(11561,'DHM'),
(11562,'DGM'),
(11565,'DGML'),
(11566,'DHML'),
(11803,'DHM'),
(11804,'DHM'),
(11805,'DHM'),
(11806,'DHM'),
(11807,'DHM'),
(11808,'DHM'),
(11809,'DHM'),
(11810,'DHM'),
(11811,'DHM'),
(11812,'DHM'),
(11813,'DHM'),
(11814,'DHM'),
(11815,'DHM'),
(11816,'DHM'),
(11817,'DHM'),
(11818,'DHM'),
(11819,'DHM'),
(11820,'DHM'),
(11821,'DHM');
INSERT INTO "mark_name"
("mark_name_id",    "mark_id", "nine_fig",  "mark_name", "name_type", "best_name")
VALUES
(60300, 11328, '349901460', 'STAWELL PM  146', 'P', 'X'),
(60306, 11329, '349901780', 'STAWELL PM  178', 'P', 'X'),
(60310, 11330, '349902060', 'STAWELL PM  206', 'P', 'X'),
(60313, 11331, '349902100', 'STAWELL PM  210', 'P', 'X'),
(60320, 11332, '349902590', 'STAWELL PM  259', 'P', 'X'),
(60322, 11333, '349903160', 'STAWELL PM  316', 'P', 'X'),
(60323, 11334, '349903170', 'STAWELL PM  317', 'P', 'X'),
(60324, 11335, '349903180', 'STAWELL PM  318', 'P', 'X'),
(60326, 11336, '349903320', 'STAWELL PM  332', 'P', 'X'),
(60327, 11337, '349903360', 'STAWELL PM  336', 'P', 'X'),
(60328, 11338, '349903370', 'STAWELL PM  337', 'P', 'X'),
(60330, 11339, '349903390', 'STAWELL PM  339', 'P', 'X'),
(60331, 11340, '349903400', 'STAWELL PM  340', 'P', 'X'),
(60332, 11341, '349903460', 'STAWELL PM  346', 'P', 'X'),
(60334, 11342, '349903630', 'STAWELL PM  363', 'P', 'X'),
(60336, 11343, '349903850', 'STAWELL PM  385', 'P', 'X'),
(60339, 11344, '349903910', 'STAWELL PM  391', 'P', 'X'),
(60346, 11345, '349904220', 'STAWELL PM  422', 'P', 'X'),
(60349, 11346, '349904310', 'STAWELL PM  431', 'P', 'X'),
(60353, 11347, '349904400', 'STAWELL PM  440', 'P', 'X'),
(60359, 11348, '349904470', 'STAWELL PM  447', 'P', 'X'),
(60363, 11349, '349904720', 'STAWELL PM  472', 'P', 'X'),
(60369, 11350, '349905180', 'STAWELL PM  518', 'P', 'X'),
(60373, 11351, '349905220', 'STAWELL PM  522', 'P', 'X'),
(60376, 11352, '349905250', 'STAWELL PM  525', 'P', 'X'),
(60383, 11353, '350300070', 'STRANGWAYS PM    7', 'P', 'X'),
(60386, 11354, '350300110', 'STRANGWAYS PM   11', 'P', 'X'),
(60389, 11355, '350300230', 'STRANGWAYS PM   23', 'P', 'X'),
(60396, 11356, '350300330', 'STRANGWAYS PM   33', 'P', 'X'),
(60399, 11357, '350300360', 'STRANGWAYS PM   36', 'P', 'X'),
(60403, 11358, '350300430', 'STRANGWAYS PM   43', 'P', 'X'),
(60409, 11359, '350300490', 'STRANGWAYS PM   49', 'P', 'X'),
(60413, 11360, '350300530', 'STRANGWAYS PM   53', 'P', 'X'),
(60416, 11361, '350500230', 'STRATHBOGIE PM   23', 'P', 'X'),
(60423, 11362, '350600600', 'STRATHFIELDSAYE PM   60', 'P', 'X'),
(60425, 11363, '350600850', 'STRATHFIELDSAYE PM   85', 'P', 'X'),
(60426, 11364, '350600950', 'STRATHFIELDSAYE PM   95', 'P', 'X'),
(60427, 11365, '350600991', 'LONGLEA Z 1 ECC', 'P', 'X'),
(60429, 11366, '350601020', 'STRATHFIELDSAYE PM  102', 'P', 'X'),
(60430, 11367, '350601030', 'STRATHFIELDSAYE PM  103', 'P', 'X'),
(60431, 11368, '350601040', 'STRATHFIELDSAYE PM  104', 'P', 'X'),
(60434, 11370, '350601070', 'STRATHFIELDSAYE PM  107', 'P', 'X'),
(60435, 11371, '350601080', 'STRATHFIELDSAYE PM  108', 'P', 'X'),
(60437, 11372, '350700011', 'ROCKLIFFS RM', 'P', 'X'),
(60472, 11380, '350701470', 'STRATHMERTON PM  147', 'P', 'X'),
(60499, 11386, '352000280', 'TABILK PM   28', 'P', 'X'),
(60502, 11387, '352100490', 'TAGGERTY PM   49', 'P', 'X'),
(60506, 11388, '352700170', 'TALLANDOON PM   17', 'P', 'X'),
(60516, 11390, '353200610', 'TALLAROOK PM   61', 'P', 'X'),
(60519, 11391, '353200640', 'TALLAROOK PM   64', 'P', 'X'),
(60528, 11393, '353300830', 'TALLYGAROOPNA PM   83', 'P', 'X'),
(60529, 11394, '353300840', 'TALLYGAROOPNA PM   84', 'P', 'X'),
(60530, 11395, '353400640', 'TAMBO PM   64', 'P', 'X'),
(60532, 11396, '353400740', 'TAMBO PM   74', 'P', 'X'),
(61001, 11533, '364703660', 'TRARALGON PM  366', 'P', 'X'),
(61004, 11534, '364703690', 'TRARALGON PM  369', 'P', 'X'),
(61008, 11535, '365000680', 'TREWALLA PM   68', 'P', 'X'),
(61014, 11536, '365400250', 'TULLAMARINE PM   25', 'P', 'X'),
(61018, 11537, '365400350', 'TULLAMARINE PM   35', 'P', 'X'),
(61041, 11542, '366500050', 'TUTYE PM    5', 'P', 'X'),
(61043, 11543, '366500110', 'TUTYE PM   11', 'P', 'X'),
(61044, 11544, '366500120', 'TUTYE PM   12', 'P', 'X'),
(61045, 11545, '366600420', 'TYABB PM   42', 'P', 'X'),
(61047, 11546, '366601990', 'TYABB PM  199', 'P', 'X'),
(61048, 11547, '366602440', 'TYABB PM  244', 'P', 'X'),
(61051, 11549, '366603120', 'TYABB PM  312', 'P', 'X'),
(61052, 11550, '366603200', 'TYABB PM  320', 'P', 'X'),
(61053, 11551, '366603300', 'TYABB PM  330', 'P', 'X'),
(61055, 11552, '366603320', 'TYABB PM  332', 'P', 'X'),
(61057, 11553, '367100170', 'TYENNA PM   17', 'P', 'X'),
(61060, 11554, '367100200', 'TYENNA PM   20', 'P', 'X'),
(61067, 11555, '367500350', 'TYNTYNDER NORTH PM   35', 'P', 'X'),
(61070, 11556, '367500420', 'TYNTYNDER NORTH PM   42', 'P', 'X'),
(61074, 11557, '367900240', 'ULTIMA PM   24', 'P', 'X'),
(61080, 11558, '368000880', 'ULUPNA PM   88', 'P', 'X'),
(61084, 11559, '368000920', 'ULUPNA PM   92', 'P', 'X'),
(61090, 11560, '368100320', 'UNDERA PM   32', 'P', 'X'),
(61094, 11561, '368200010', 'UNDERBOOL PM    1', 'P', 'X'),
(61097, 11562, '368200120', 'UNDERBOOL PM   12', 'P', 'X'),
(61110, 11565, '369200310', 'WABDALLAH PM   31', 'P', 'X'),
(61117, 11566, '369200380', 'WABDALLAH PM   38', 'P', 'X'),
(61928, 11803, '396200930', 'YARRAGON PM   93', 'P', 'X'),
(61931, 11804, '396200960', 'YARRAGON PM   96', 'P', 'X'),
(61934, 11805, '396200990', 'YARRAGON PM   99', 'P', 'X'),
(61941, 11806, '396201290', 'YARRAGON PM  129', 'P', 'X'),
(61944, 11807, '396201380', 'YARRAGON PM  138', 'P', 'X'),
(61948, 11808, '396300270', 'YARRAM YARRAM PM   27', 'P', 'X'),
(61954, 11809, '396700600', 'YARRAWONGA PM   60', 'P', 'X'),
(61958, 11810, '397201260', 'YARROWEYAH PM  126', 'P', 'X'),
(61961, 11811, '397201290', 'YARROWEYAH PM  129', 'P', 'X'),
(61968, 11812, '397800730', 'YAUGHER PM   73', 'P', 'X'),
(61970, 11813, '397800810', 'YAUGHER PM   81', 'P', 'X'),
(61971, 11814, '397800820', 'YAUGHER PM   82', 'P', 'X'),
(61972, 11815, '397800830', 'YAUGHER PM   83', 'P', 'X'),
(61974, 11816, '397800850', 'YAUGHER PM   85', 'P', 'X'),
(61975, 11817, '397800880', 'YAUGHER PM   88', 'P', 'X'),
(61976, 11818, '397800901', 'WONGA WONGA OLD', 'P', 'X'),
(61978, 11819, '397900210', 'YEA PM   21', 'P', 'X'),
(61979, 11820, '397900260', 'YEA PM   26', 'P', 'X'),
(61980, 11821, '397900940', 'YEA PM   94', 'P', 'X');
INSERT INTO "mark_uncertainty"
("mark_id",     "adj_id",         "xx",         "xy",         "xz",         "yy",         "yz",         "zz")
VALUES
(11328, 4, '.400667214', '-.30322235', '.378550298', '.231371937', '-.2881112', '.360167321'),
(11329, 4, '.400527288', '-.30321423', '.378610332', '.23131782', '-.28809349', '.360271469'),
(11330, 4, '.400610963', '-.30319151', '.378671075', '.231252531', '-.2880617', '.360174134'),
(11331, 4, '.400715249', '-.30327939', '.378446827', '.231490144', '-.28815044', '.360089058'),
(11332, 4, '.400832654', '-.30318718', '.378651383', '.231318372', '-.28801134', '.360029083'),
(11333, 4, '.400612024', '-.3031638', '.37873263', '.231219556', '-.28801433', '.360203343'),
(11334, 4, '.400604438', '-.30311433', '.378676002', '.231286491', '-.2880183', '.360363991'),
(11335, 4, '.400570163', '-.30313382', '.378663537', '.231291166', '-.28804625', '.360346415'),
(11336, 4, '.400560424', '-.30324659', '.378545771', '.231369568', '-.28811974', '.360237034'),
(11337, 4, '.400590957', '-.30329528', '.378417304', '.231476366', '-.28815557', '.360224332'),
(11338, 4, '.400762096', '-.30324791', '.378546206', '.231402027', '-.2880965', '.360023941'),
(11339, 4, '.400809236', '-.30325921', '.378502324', '.231449332', '-.28810936', '.359988375'),
(11340, 4, '.400775906', '-.30325426', '.378529304', '.231425929', '-.28809809', '.36001445'),
(11341, 4, '.400706714', '-.30322113', '.378625059', '.23131351', '-.2880752', '.360058245'),
(11342, 4, '.400557254', '-.30318391', '.378679552', '.231233927', '-.28806685', '.360214862'),
(11343, 4, '.400659222', '-.30326743', '.37845396', '.231452252', '-.28814749', '.360148312'),
(11344, 4, '.400699532', '-.30322271', '.378635038', '.231312149', '-.28805188', '.36009044'),
(11345, 4, '.400532079', '-.3032036', '.37856017', '.231297149', '-.28806047', '.360190605'),
(11346, 4, '.400623997', '-.30315656', '.378695865', '.231214807', '-.2880304', '.360248839'),
(11347, 4, '.400655935', '-.30324072', '.378541495', '.231340901', '-.28807066', '.360153216'),
(11348, 4, '.004413181', '-.00291941', '.003561606', '.002926663', '-.00257467', '.004180021'),
(11349, 4, '.400515426', '-.30314006', '.378633715', '.231177343', '-.28801016', '.360143672'),
(11350, 4, '.400758897', '-.30319167', '.378660928', '.231260778', '-.28802406', '.360010496'),
(11351, 4, '.400640074', '-.30322211', '.378599299', '.23132497', '-.28809059', '.360152844'),
(11352, 4, '.40074607', '-.30325676', '.37841759', '.231467319', '-.28812884', '.360064738'),
(11353, 4, '.017057031', '-.0119944', '.015242202', '.009113454', '-.01110268', '.015054547'),
(11354, 4, '.413504915', '-.2990495', '.385607786', '.216867765', '-.27911398', '.360862375'),
(11355, 4, '.413060373', '-.29913307', '.385388741', '.21740897', '-.27942472', '.360894512'),
(11356, 4, '.412818051', '-.29899325', '.385411544', '.217117621', '-.27940317', '.360897621'),
(11357, 4, '.412856882', '-.29884246', '.385483799', '.216905516', '-.27933421', '.361017692'),
(11358, 4, '.413328386', '-.29911853', '.385466846', '.217123511', '-.27930299', '.36075935'),
(11359, 4, '.413290518', '-.29907241', '.385538812', '.217010331', '-.27926704', '.360783052'),
(11360, 4, '.413324246', '-.29895514', '.385590287', '.216842737', '-.27918902', '.360918941'),
(11361, 4, '.433623615', '-.29499733', '.392000802', '.201486418', '-.26715522', '.35713529'),
(11362, 4, '.004381368', '-.00295339', '.003804327', '.002370887', '-.00273151', '.003737676'),
(11363, 4, '.004405217', '-.00296732', '.003768841', '.002336403', '-.00273702', '.003775373'),
(11364, 4, '.419648638', '-.30078965', '.385831201', '.215726945', '-.27660026', '.35490382'),
(11365, 4, '.419869836', '-.30064453', '.385850771', '.215514711', '-.27634858', '.35485697'),
(11366, 4, '.419521875', '-.3007943', '.385805497', '.215740631', '-.27666214', '.354970385'),
(11367, 4, '.419461435', '-.30072582', '.3858061', '.215753516', '-.27667217', '.355077261'),
(11368, 4, '.419366916', '-.30068014', '.385839462', '.215723815', '-.27671055', '.355182633'),
(11370, 4, '.419553474', '-.30058829', '.385907186', '.215642186', '-.27659005', '.355235398'),
(11371, 4, '.419449848', '-.30064287', '.385859022', '.215599132', '-.27665855', '.355314501'),
(11372, 4, '.440525833', '-.30284447', '.387005535', '.209108106', '-.26672133', '.341327633'),
(11380, 4, '.441108041', '-.30251789', '.386922166', '.210249744', '-.26697506', '.341268364'),
(11386, 4, '.428411176', '-.2975435', '.389302678', '.208139224', '-.27124856', '.355048887'),
(11387, 4, '.000239171', '-.00017865', '.000190142', '.000160719', '-.00014787', '.000190274'),
(11388, 4, '.455948928', '-.29097724', '.394708065', '.190609799', '-.25431096', '.354658915'),
(11390, 4, '.425030067', '-.29576288', '.390649494', '.205925161', '-.2719694', '.359356211'),
(11391, 4, '.017181956', '-.0119339', '.015762573', '.008363246', '-.01097789', '.014517981'),
(11393, 4, '.436298453', '-.30077574', '.388003759', '.208692445', '-.26825391', '.346937686'),
(11394, 4, '.436288115', '-.30034594', '.388227362', '.208455866', '-.26827017', '.34720825'),
(11395, 4, '.443439703', '-.27820292', '.404907742', '.176268169', '-.25465191', '.371130907'),
(11396, 4, '.444907877', '-.27902123', '.405146449', '.176508962', '-.25480785', '.370604216'),
(11533, 4, '.425788898', '-.280959', '.401111243', '.186631026', '-.26523994', '.379216538'),
(11534, 4, '.42577777', '-.28090165', '.401108671', '.186640286', '-.26529222', '.379239768'),
(11535, 4, '.000599401', '-.00042226', '.000493573', '.000413484', '-.00038748', '.00050214'),
(11536, 4, '.016806653', '-.01175911', '.015775171', '.008361428', '-.01108457', '.01504555'),
(11537, 4, '.414782817', '-.29151809', '.391836377', '.205030019', '-.27545598', '.370340516'),
(11542, 4, '.414274486', '-.31508724', '.358608122', '.271469826', '-.28648006', '.340183173'),
(11543, 4, '.414101426', '-.31521234', '.358501288', '.27138187', '-.28655867', '.340304039'),
(11544, 4, '.414029239', '-.31472609', '.35998816', '.270975915', '-.28620555', '.33879433'),
(11545, 4, '.410907676', '-.28563893', '.395372033', '.198806324', '-.2749412', '.380663075'),
(11546, 4, '.411074921', '-.28568135', '.395426115', '.198690645', '-.27485243', '.380511152'),
(11547, 4, '.412145733', '-.28633997', '.395064441', '.199205656', '-.27464508', '.37913481'),
(11549, 4, '.410866566', '-.28554075', '.395315288', '.198557042', '-.27480674', '.380535009'),
(11550, 4, '.411129251', '-.28569188', '.395386813', '.198691448', '-.27481319', '.380584003'),
(11551, 4, '.000535021', '-.00038187', '.000479108', '.000325812', '-.00037663', '.0005244'),
(11552, 4, '.410640913', '-.2855668', '.39449588', '.198713544', '-.27441416', '.379146978'),
(11553, 4, '.417315555', '-.31667416', '.367799321', '.247652257', '-.28449718', '.334461794'),
(11554, 4, '.416017629', '-.31632401', '.368423373', '.246929602', '-.28448545', '.335554774'),
(11555, 4, '.426907882', '-.31625197', '.373737247', '.236894704', '-.27745966', '.329488548'),
(11556, 4, '.42682505', '-.31640419', '.37367084', '.236497771', '-.27755592', '.32957998'),
(11557, 4, '.422085372', '-.31466538', '.374806501', '.235148856', '-.27973222', '.333688434'),
(11558, 4, '.440644496', '-.30272019', '.386450641', '.210803814', '-.26737853', '.341421613'),
(11559, 4, '.441672701', '-.30248016', '.386018448', '.212356457', '-.26729064', '.340944772'),
(11560, 4, '.434599441', '-.30165814', '.386794818', '.211045062', '-.26962552', '.346694772'),
(11561, 4, '.40874308', '-.32143595', '.366379051', '.252963151', '-.28820296', '.328612505'),
(11562, 4, '.000167319', '-.0001279', '.000118854', '.000133472', '-.00010373', '.000126668'),
(11565, 4, '.000819888', '-.00042767', '.000598736', '.000385381', '-.00037988', '.000650249'),
(11566, 4, '.004192011', '-.00287898', '.003863188', '.002247498', '-.0028152', '.003890549'),
(11803, 4, '.420395348', '-.28235749', '.398533352', '.189825438', '-.26772068', '.378087927'),
(11804, 4, '.421553325', '-.28280213', '.39934422', '.189895707', '-.26797304', '.378638895'),
(11805, 4, '.421919163', '-.28222815', '.399094898', '.188962536', '-.26704015', '.377738287'),
(11806, 4, '.423289082', '-.28256068', '.399918636', '.188961471', '-.26709143', '.378379374'),
(11807, 4, '.423430816', '-.28260732', '.399709701', '.189409386', '-.26722422', '.378199231'),
(11808, 4, '.422743709', '-.27787494', '.403160688', '.182833665', '-.26511536', '.384775124'),
(11809, 4, '.444955831', '-.30003042', '.390398093', '.202659314', '-.26334022', '.342881737'),
(11810, 4, '.445272582', '-.30150323', '.385988067', '.208694955', '-.2663865', '.341751942'),
(11811, 4, '.442689035', '-.30250744', '.387368378', '.20993784', '-.26558941', '.340650231'),
(11812, 4, '.392957238', '-.28876183', '.38756141', '.21561499', '-.28631108', '.385064129'),
(11813, 4, '.39391265', '-.28914804', '.388813272', '.212358316', '-.28545314', '.384037642'),
(11814, 4, '.393916314', '-.28904447', '.388792808', '.212471195', '-.28543227', '.384208449'),
(11815, 4, '.393990363', '-.28895426', '.388772161', '.212603145', '-.28537477', '.384196629'),
(11816, 4, '.394114229', '-.28915243', '.388796615', '.212489428', '-.28533383', '.383904248'),
(11817, 4, '.392818824', '-.28867645', '.38748528', '.215778648', '-.28611242', '.385382226'),
(11818, 4, '.392799528', '-.2891828', '.387224346', '.2154817', '-.28678443', '.38463826'),
(11819, 4, '.425800883', '-.29334252', '.392504298', '.202476447', '-.27059926', '.362368588'),
(11820, 4, '.425807135', '-.29330324', '.392565232', '.2023972', '-.27056053', '.362355678'),
(11821, 4, '.425801926', '-.29329626', '.392493596', '.202571303', '-.27057974', '.362453299');
INSERT INTO "mark_vertical"
("mark_v_id","mark_id","v_d_code","v_class","v_order","z_coord","v_technique","v_date_surv","v_date_adj", "v_date_edit","v_organ","sec","best_vert","adj_id","v_uncert")
VALUES
(33712,11328,'AHD',DEFAULT,'5','232.6','U',DEFAULT,DEFAULT,DEFAULT,'OSG',DEFAULT,'X',DEFAULT,DEFAULT),
(33718,11329,'AHD',DEFAULT,'5','235.3','U',DEFAULT,DEFAULT,DEFAULT,'OSG',DEFAULT,'X',DEFAULT,DEFAULT),
(33722,11330,'AHD',DEFAULT,'5','247.9','U',DEFAULT,DEFAULT,DEFAULT,'OSG',DEFAULT,'X',DEFAULT,DEFAULT),
(33725,11331,'AHD',DEFAULT,'5','240.3','U',DEFAULT,DEFAULT,DEFAULT,'OSG',DEFAULT,'X',DEFAULT,DEFAULT),
(33732,11332,'AHD',DEFAULT,'5','259.9','U',DEFAULT,DEFAULT,DEFAULT,'OSG',DEFAULT,'X',DEFAULT,DEFAULT),
(33734,11333,'AHD',DEFAULT,'5','266.1','U',DEFAULT,DEFAULT,DEFAULT,'OSG',DEFAULT,'X',DEFAULT,DEFAULT),
(33735,11334,'AHD',DEFAULT,'5','240.2','U',DEFAULT,DEFAULT,DEFAULT,'OSG',DEFAULT,'X',DEFAULT,DEFAULT),
(33736,11335,'AHD',DEFAULT,'5','237.9','U',DEFAULT,DEFAULT,DEFAULT,'OSG',DEFAULT,'X',DEFAULT,DEFAULT),
(33738,11336,'AHD',DEFAULT,'5','229.4','U',DEFAULT,DEFAULT,DEFAULT,'OSG',DEFAULT,'X',DEFAULT,DEFAULT),
(33739,11337,'AHD',DEFAULT,'5','218.4','U',DEFAULT,DEFAULT,DEFAULT,'OSG',DEFAULT,'X',DEFAULT,DEFAULT),
(33740,11338,'AHD',DEFAULT,'5','242.9','U',DEFAULT,DEFAULT,DEFAULT,'OSG',DEFAULT,'X',DEFAULT,DEFAULT),
(33742,11339,'AHD',DEFAULT,'5','236','U',DEFAULT,DEFAULT,DEFAULT,'OSG',DEFAULT,'X',DEFAULT,DEFAULT),
(33743,11340,'AHD',DEFAULT,'5','240.4','U',DEFAULT,DEFAULT,DEFAULT,'OSG',DEFAULT,'X',DEFAULT,DEFAULT),
(33744,11341,'AHD',DEFAULT,'5','246','U',DEFAULT,DEFAULT,DEFAULT,'OSG',DEFAULT,'X',DEFAULT,DEFAULT),
(33746,11342,'AHD',DEFAULT,'5','249.8','U',DEFAULT,DEFAULT,DEFAULT,'OSG',DEFAULT,'X',DEFAULT,DEFAULT),
(33748,11343,'AHD',DEFAULT,'5','226.3','U',DEFAULT,DEFAULT,DEFAULT,'OSG',DEFAULT,'X',DEFAULT,DEFAULT),
(33751,11344,'AHD',DEFAULT,'5','242.4','U',DEFAULT,DEFAULT,DEFAULT,'OSG',DEFAULT,'X',DEFAULT,DEFAULT),
(33758,11345,'AHD',DEFAULT,'5','233.7','U',DEFAULT,DEFAULT,DEFAULT,'OSG',DEFAULT,'X',DEFAULT,DEFAULT),
(33761,11346,'AHD',DEFAULT,'5','255.3','U',DEFAULT,DEFAULT,DEFAULT,'OSG',DEFAULT,'X',DEFAULT,DEFAULT),
(33765,11347,'AHD',DEFAULT,'5','239.8','U',DEFAULT,DEFAULT,DEFAULT,'OSG',DEFAULT,'X',DEFAULT,DEFAULT),
(58782,11348,'AHD',DEFAULT,'3','218.966','L',DEFAULT,DEFAULT,DEFAULT,'RWC',DEFAULT,'X',DEFAULT,DEFAULT),
(33775,11349,'AHD',DEFAULT,'5','255.9','U',DEFAULT,DEFAULT,DEFAULT,'OSG',DEFAULT,'X',DEFAULT,DEFAULT),
(33781,11350,'AHD',DEFAULT,'5','254.4','U',DEFAULT,DEFAULT,DEFAULT,'OSG',DEFAULT,'X',DEFAULT,DEFAULT),
(33785,11351,'AHD',DEFAULT,'5','234.1','U',DEFAULT,DEFAULT,DEFAULT,'OSG',DEFAULT,'X',DEFAULT,DEFAULT),
(33788,11352,'AHD',DEFAULT,'5','235.3','U',DEFAULT,DEFAULT,DEFAULT,'OSG',DEFAULT,'X',DEFAULT,DEFAULT),
(62214,11353,'AHD',DEFAULT,'4','227.49','U',DEFAULT,DEFAULT,DEFAULT,'RWC',DEFAULT,'X',DEFAULT,DEFAULT),
(33798,11354,'AHD',DEFAULT,'5','252.5','U',DEFAULT,DEFAULT,DEFAULT,'OSG',DEFAULT,'X',DEFAULT,DEFAULT),
(33801,11355,'AHD',DEFAULT,'5','212.2','U',DEFAULT,DEFAULT,DEFAULT,'OSG',DEFAULT,'X',DEFAULT,DEFAULT),
(33808,11356,'AHD',DEFAULT,'5','218.2','U',DEFAULT,DEFAULT,DEFAULT,'OSG',DEFAULT,'X',DEFAULT,DEFAULT),
(33811,11357,'AHD',DEFAULT,'5','219.5','U',DEFAULT,DEFAULT,DEFAULT,'OSG',DEFAULT,'X',DEFAULT,DEFAULT),
(33815,11358,'AHD',DEFAULT,'5','226.7','U',DEFAULT,DEFAULT,DEFAULT,'OSG',DEFAULT,'X',DEFAULT,DEFAULT),
(33821,11359,'AHD',DEFAULT,'5','254.7','U',DEFAULT,DEFAULT,DEFAULT,'OSG',DEFAULT,'X',DEFAULT,DEFAULT),
(33825,11360,'AHD',DEFAULT,'5','237.8','U',DEFAULT,DEFAULT,DEFAULT,'OSG',DEFAULT,'X',DEFAULT,DEFAULT),
(33828,11361,'AHD',DEFAULT,'5','490.5','U',DEFAULT,DEFAULT,DEFAULT,'OSG',DEFAULT,'X',DEFAULT,DEFAULT),
(62231,11362,'AHD',DEFAULT,'3','201.653','L',DEFAULT,DEFAULT,DEFAULT,'RWC',DEFAULT,'X',DEFAULT,DEFAULT),
(62233,11363,'AHD',DEFAULT,'3','192.091','L',DEFAULT,DEFAULT,DEFAULT,'RWC',DEFAULT,'X',DEFAULT,DEFAULT),
(33838,11364,'AHD',DEFAULT,'5','199.7','U',DEFAULT,DEFAULT,DEFAULT,'OSG',DEFAULT,'X',DEFAULT,DEFAULT),
(33839,11365,'AHD',DEFAULT,'5','197.2','U',DEFAULT,DEFAULT,DEFAULT,'OSG',DEFAULT,'X',DEFAULT,DEFAULT),
(33841,11366,'AHD',DEFAULT,'5','217.4','U',DEFAULT,DEFAULT,DEFAULT,'OSG',DEFAULT,'X',DEFAULT,DEFAULT),
(33842,11367,'AHD',DEFAULT,'5','222.2','U',DEFAULT,DEFAULT,DEFAULT,'OSG',DEFAULT,'X',DEFAULT,DEFAULT),
(33843,11368,'AHD',DEFAULT,'5','230.6','U',DEFAULT,DEFAULT,DEFAULT,'OSG',DEFAULT,'X',DEFAULT,DEFAULT),
(33846,11370,'AHD',DEFAULT,'5','205','U',DEFAULT,DEFAULT,'30-Jan-14','OSG',DEFAULT,'X',DEFAULT,DEFAULT),
(33847,11371,'AHD',DEFAULT,'5','219.4','U',DEFAULT,DEFAULT,DEFAULT,'OSG',DEFAULT,'X',DEFAULT,DEFAULT),
(33849,11372,'AHD',DEFAULT,'5','107.1','U',DEFAULT,DEFAULT,DEFAULT,'OSG',DEFAULT,'X',DEFAULT,DEFAULT),
(33884,11380,'AHD',DEFAULT,'5','106.8','U',DEFAULT,DEFAULT,DEFAULT,'OSG',DEFAULT,'X',DEFAULT,DEFAULT),
(33911,11386,'AHD',DEFAULT,'5','129.1','U',DEFAULT,DEFAULT,DEFAULT,'OSG',DEFAULT,'X',DEFAULT,DEFAULT),
(33914,11387,'AHD',DEFAULT,'5','246.1','U',DEFAULT,DEFAULT,DEFAULT,'OSG',DEFAULT,'X',DEFAULT,DEFAULT),
(33918,11388,'AHD',DEFAULT,'5','244.6','U',DEFAULT,DEFAULT,DEFAULT,'OSG',DEFAULT,'X',DEFAULT,DEFAULT),
(33928,11390,'AHD',DEFAULT,'5','165.3','U',DEFAULT,DEFAULT,DEFAULT,'OSG',DEFAULT,'X',DEFAULT,DEFAULT),
(123652,11391,'AHD',DEFAULT,'4','143.23','4',DEFAULT,DEFAULT,'15-Jun-11','OSG',DEFAULT,'X',DEFAULT,DEFAULT),
(33940,11393,'AHD',DEFAULT,'5','109.5','U',DEFAULT,DEFAULT,DEFAULT,'OSG',DEFAULT,'X',DEFAULT,DEFAULT),
(33941,11394,'AHD',DEFAULT,'5','107.2','U',DEFAULT,DEFAULT,DEFAULT,'OSG',DEFAULT,'X',DEFAULT,DEFAULT),
(33942,11395,'AHD',DEFAULT,'5','86.2','U',DEFAULT,DEFAULT,DEFAULT,'OSG',DEFAULT,'X',DEFAULT,DEFAULT),
(33944,11396,'AHD',DEFAULT,'5','109','U',DEFAULT,DEFAULT,DEFAULT,'OSG',DEFAULT,'X',DEFAULT,DEFAULT),
(34312,11533,'AHD',DEFAULT,'5','68.7','U',DEFAULT,DEFAULT,DEFAULT,'OSG',DEFAULT,'X',DEFAULT,DEFAULT),
(34315,11534,'AHD',DEFAULT,'5','74','U',DEFAULT,DEFAULT,DEFAULT,'OSG',DEFAULT,'X',DEFAULT,DEFAULT),
(110054,11535,'AHD',DEFAULT,'5','72.8','G',DEFAULT,DEFAULT,'30-Oct-06','OSG',DEFAULT,'X',DEFAULT,DEFAULT),
(44724,11536,'AHD','D','3','86.73','L',DEFAULT,DEFAULT,'1-Jul-82','MWC',DEFAULT,'X',DEFAULT,0.1),
(34329,11537,'AHD',DEFAULT,'5','92.3','U',DEFAULT,DEFAULT,DEFAULT,'OSG',DEFAULT,'X',DEFAULT,DEFAULT),
(34335,11543,'AHD',DEFAULT,'5','43.2','U',DEFAULT,DEFAULT,DEFAULT,'OSG',DEFAULT,'X',DEFAULT,DEFAULT),
(34336,11544,'AHD',DEFAULT,'5','47.9','U',DEFAULT,DEFAULT,DEFAULT,'OSG',DEFAULT,'X',DEFAULT,DEFAULT),
(34337,11545,'AHD',DEFAULT,'5','8.2','U',DEFAULT,DEFAULT,DEFAULT,'OSG',DEFAULT,'X',DEFAULT,DEFAULT),
(34339,11546,'AHD',DEFAULT,'5','1.9','U',DEFAULT,DEFAULT,DEFAULT,'OSG',DEFAULT,'X',DEFAULT,DEFAULT),
(34340,11547,'AHD',DEFAULT,'5','25.7','U',DEFAULT,DEFAULT,DEFAULT,'OSG',DEFAULT,'X',DEFAULT,DEFAULT),
(34343,11549,'AHD',DEFAULT,'5','3.3','U',DEFAULT,DEFAULT,DEFAULT,'OSG',DEFAULT,'X',DEFAULT,DEFAULT),
(34344,11550,'AHD',DEFAULT,'5','2.4','U',DEFAULT,DEFAULT,DEFAULT,'OSG',DEFAULT,'X',DEFAULT,DEFAULT),
(34345,11551,'AHD',DEFAULT,'5','2.4','U',DEFAULT,DEFAULT,DEFAULT,'OSG',DEFAULT,'X',DEFAULT,DEFAULT),
(34347,11552,'AHD',DEFAULT,'5','80.9','U',DEFAULT,DEFAULT,DEFAULT,'OSG',DEFAULT,'X',DEFAULT,DEFAULT),
(34349,11553,'AHD',DEFAULT,'5','78.5','U',DEFAULT,DEFAULT,DEFAULT,'OSG',DEFAULT,'X',DEFAULT,DEFAULT),
(34352,11554,'AHD',DEFAULT,'5','103.9','U',DEFAULT,DEFAULT,DEFAULT,'OSG',DEFAULT,'X',DEFAULT,DEFAULT),
(34359,11555,'AHD',DEFAULT,'5','71.7','U',DEFAULT,DEFAULT,DEFAULT,'OSG',DEFAULT,'X',DEFAULT,DEFAULT),
(34362,11556,'AHD',DEFAULT,'5','78.2','U',DEFAULT,DEFAULT,DEFAULT,'OSG',DEFAULT,'X',DEFAULT,DEFAULT),
(34366,11557,'AHD',DEFAULT,'5','77.4','U',DEFAULT,DEFAULT,DEFAULT,'OSG',DEFAULT,'X',DEFAULT,DEFAULT),
(34372,11558,'AHD',DEFAULT,'5','105','U',DEFAULT,DEFAULT,DEFAULT,'OSG',DEFAULT,'X',DEFAULT,DEFAULT),
(34376,11559,'AHD',DEFAULT,'5','104.5','U',DEFAULT,DEFAULT,DEFAULT,'OSG',DEFAULT,'X',DEFAULT,DEFAULT),
(34380,11560,'AHD',DEFAULT,'5','103.6','U',DEFAULT,DEFAULT,DEFAULT,'OSG',DEFAULT,'X',DEFAULT,DEFAULT),
(34384,11561,'AHD',DEFAULT,'5','63','U',DEFAULT,DEFAULT,DEFAULT,'OSG',DEFAULT,'X',DEFAULT,DEFAULT),
(34387,11562,'AHD',DEFAULT,'5','53.4','U',DEFAULT,DEFAULT,DEFAULT,'OSG',DEFAULT,'X',DEFAULT,DEFAULT),
(101119,11565,'AHD',DEFAULT,'3','106.557','L',DEFAULT,DEFAULT,'28-Feb-05','OSG','BNK','X',DEFAULT,DEFAULT),
(101125,11566,'AHD',DEFAULT,'3','118.511','L',DEFAULT,DEFAULT,'28-Feb-05','OSG','BNK','X',DEFAULT,DEFAULT),
(35198,11803,'AHD',DEFAULT,'5','66.2','U',DEFAULT,DEFAULT,DEFAULT,'OSG',DEFAULT,'X',DEFAULT,DEFAULT),
(35201,11804,'AHD',DEFAULT,'5','67.7','U',DEFAULT,DEFAULT,DEFAULT,'OSG',DEFAULT,'X',DEFAULT,DEFAULT),
(35204,11805,'AHD',DEFAULT,'5','56.2','U',DEFAULT,DEFAULT,DEFAULT,'OSG',DEFAULT,'X',DEFAULT,DEFAULT),
(35211,11806,'AHD',DEFAULT,'5','64.4','U',DEFAULT,DEFAULT,DEFAULT,'OSG',DEFAULT,'X',DEFAULT,DEFAULT),
(35214,11807,'AHD',DEFAULT,'5','85','U',DEFAULT,DEFAULT,DEFAULT,'OSG',DEFAULT,'X',DEFAULT,DEFAULT),
(35218,11808,'AHD',DEFAULT,'5','20.7','U',DEFAULT,DEFAULT,DEFAULT,'OSG',DEFAULT,'X',DEFAULT,DEFAULT),
(35221,11809,'AHD',DEFAULT,'5','137.7','U',DEFAULT,DEFAULT,DEFAULT,'OSG',DEFAULT,'X',DEFAULT,DEFAULT),
(35225,11810,'AHD',DEFAULT,'5','112','U',DEFAULT,DEFAULT,DEFAULT,'OSG',DEFAULT,'X',DEFAULT,DEFAULT),
(35228,11811,'AHD',DEFAULT,'5','109.5','U',DEFAULT,DEFAULT,DEFAULT,'OSG',DEFAULT,'X',DEFAULT,DEFAULT),
(35236,11813,'AHD',DEFAULT,'5','192.5','U',DEFAULT,DEFAULT,DEFAULT,'OSG',DEFAULT,'X',DEFAULT,DEFAULT),
(35237,11814,'AHD',DEFAULT,'5','202.1','U',DEFAULT,DEFAULT,DEFAULT,'OSG',DEFAULT,'X',DEFAULT,DEFAULT),
(35238,11815,'AHD',DEFAULT,'5','219.4','U',DEFAULT,DEFAULT,DEFAULT,'OSG',DEFAULT,'X',DEFAULT,DEFAULT),
(35240,11816,'AHD',DEFAULT,'5','166.7','U',DEFAULT,DEFAULT,DEFAULT,'OSG',DEFAULT,'X',DEFAULT,DEFAULT),
(35241,11817,'AHD',DEFAULT,'5','200.3','U',DEFAULT,DEFAULT,DEFAULT,'OSG',DEFAULT,'X',DEFAULT,DEFAULT),
(35242,11818,'AHD',DEFAULT,'5','259.6','U',DEFAULT,DEFAULT,DEFAULT,'OSG',DEFAULT,'X',DEFAULT,DEFAULT),
(35244,11819,'AHD',DEFAULT,'5','174.4','U',DEFAULT,DEFAULT,DEFAULT,'OSG',DEFAULT,'X',DEFAULT,DEFAULT),
(35245,11820,'AHD',DEFAULT,'5','194.1','U',DEFAULT,DEFAULT,DEFAULT,'OSG',DEFAULT,'X',DEFAULT,DEFAULT),
(35246,11821,'AHD',DEFAULT,'5','179.8','U',DEFAULT,DEFAULT,DEFAULT,'OSG',DEFAULT,'X',DEFAULT,DEFAULT);
drop view sites_simple;
drop view sitelogs_simple;
drop view position_timeseries;
drop view position_timeslice;
drop view nodes_simple;
drop view adjustments_simple;

create view sites_simple as
(
    select concat('site_',md.mark_id) as gid, 
    md.mark_id as site_id, 
    md.mark_id, 
    mn.nine_fig, mn.mark_name,
    ms.status_txt, md.used_date,
    nt.name_type_txt,
    ST_SETSRID(ST_POINT(mc.longitude, mc.latitude), datum.d_epsg_code) as geom
    from mark_description as md
    join mark_name as mn on mn.mark_id = md.mark_id
    join mark_coordinates as mc on mc.mark_id = md.mark_id
    join datum on datum.d_code = mc.datum_code
    join mark_status as ms on ms.status = md.status
    join name_type as nt on mn.name_type = nt.name_type
);

create view sitelogs_simple as
(
    select concat('sitelog_',md.mark_id) as gid, 
    ST_SETSRID(ST_POINT(mc.longitude, mc.latitude), datum.d_epsg_code) as geom
    from mark_description as md
    join mark_coordinates as mc on mc.mark_id = md.mark_id
    join datum on datum.d_code = mc.datum_code
);

create view nodes_simple as
(
    select concat('node_',md.mark_id) as gid, 
    concat('site_',md.mark_id) as at_site, 
    md.mark_id as node_id, 
    md.mark_id, 
    ms.status_txt, md.date_mga_avail,
    mc.organisation,
    mc.date_surv, mc.date_edit,
    at.adj_type_txt,
    ST_SETSRID(ST_POINT(mc.longitude, mc.latitude), datum.d_epsg_code) as geom
    from mark_description as md
    join mark_name as mn on mn.mark_id = md.mark_id
    join mark_coordinates as mc on mc.mark_id = md.mark_id
    join adjustment as a on a.adj_id = mc.adj_id
    join adjustment_type as at on a.adj_type = at.adj_type
    join datum on datum.d_code = mc.datum_code
    join mark_status as ms on ms.status = md.status
    join name_type as nt on mn.name_type = nt.name_type
);

create view position_timeseries as
(
    select concat('position_',md.mark_id) as gid, 
    concat('node_',md.mark_id) as at_node, 
    md.mark_id, 
    md.date_mga_avail,

    (
        select 
        datum.d_epsg_code
        from mark_coordinates as mc
        join datum on datum.d_code = mc.datum_code
        where md.mark_id = mc.mark_id
        order by mc.date_surv desc
        limit 1
    ) as d_epsg_code,

    (
        select 
        ms.status_txt
        from mark_status as ms
        where md.status = ms.status
        limit 1
    ) as status_txt,

    (
        select 
        ST_SETSRID(ST_POINT(mc.longitude, mc.latitude), datum.d_epsg_code)
        from mark_coordinates as mc
        join datum on datum.d_code = mc.datum_code
        where md.mark_id = mc.mark_id
        order by mc.date_surv desc
        limit 1
    ) as geom

    from mark_description as md

    group by md.mark_id
);
-- removed joins
--  join mark_name as mn on mn.mark_id = md.mark_id
--  join mark_status as ms on ms.status = md.status
--  join name_type as nt on mn.name_type = nt.name_type

-- coordinateinstances_simple is, for now, a copy of positions_simple with two modifications:
-- 1) gid begins with coordinateinstance_, the numerical part of the id is the same
-- 2) new column pid is the foreign key to positions_simple
-- Both positions_simple and coordinateinstances_simple will later change further, for now,
-- this is the minimum needed to demonstrate GeoServer feature chaning between positions and
-- coordinate instances.
create view position_timeslice as
(
    select concat('coordinateinstance_',mc.mark_coord_id) as gid, 
    concat('position_',mc.mark_id) as pid, 
    md.mark_id, 
    ms.status_txt, md.date_mga_avail,
    mc.date_surv, mc.date_edit,

    mc.mark_coord_id, 
    mc.adj_id as adj_id,
    mc.latitude,
    mc.longitude,
    mc.easting,
    mc.northing,
    mc.zone,
    mc.datum_code,
    mc.technique,
    mc.organisation,
    mc.h_order,
    mc.best_coords,
    mc.ellipsoid_height,
    mc.pos_uncertainty,
    datum.d_epsg_code,

    ST_SETSRID(ST_POINT(mc.longitude, mc.latitude), datum.d_epsg_code) as srs_loc

    from mark_description as md

    join mark_name as mn on mn.mark_id = md.mark_id
    join mark_coordinates as mc on mc.mark_id = md.mark_id
    join datum on datum.d_code = mc.datum_code
    join mark_status as ms on ms.status = md.status
    join name_type as nt on mn.name_type = nt.name_type
    join adjustment as a on a.adj_id = mc.adj_id
    join adjustment_type as at on a.adj_type = at.adj_type
);

create view adjustments_simple as
(
    select concat('adj_',a.adj_id) as gid, 
    a.adj_id,
    a.adj_date,
    a.adj_d_code,
    a.adj_epoch,
    a.adj_runby,
    a.best_adj,
    a.dof,
    a.measurement_count,
    a.unknowns_count,
    a.chi_square,
    a.sigma_zero,
    a.lower_limit,
    a.upper_limit,
    a.confidence_interval,
    a.adj_type, 
    at.adj_type_txt,
    datum.d_epsg_code,

    ST_SETSRID( ST_Extent(ST_POINT(mc.longitude,mc.latitude)), datum.d_epsg_code) as geom

    from adjustment as a

    left join mark_coordinates as mc on mc.adj_id = a.adj_id
    join datum on datum.d_code = a.adj_d_code
    inner join adjustment_type as at on at.adj_type = a.adj_type
    group by a.adj_id, at.adj_type_txt, datum.d_epsg_code
);
